uuid,fully specified name:en,fully specified name:en:preferred,fully specified name:en:uuid,description:en,data class,data type
a178578a-25f8-4cc6-8f29-9ed0d5f9b40c,MNR BABY1 Baby 1,true,633365af-5c7f-44bd-9c25-fa8a083d1d2f,Mother and Neonate Health Register field (Baby (Neonate)): MNR BABY1 Baby 1,Misc,N/A
e65f79ef-8524-41ab-85e7-5310911b36f3,MNR BABY2 Baby 2,true,38f3acdd-94c3-4af2-81e9-76ceaaa5b297,Mother and Neonate Health Register field (Baby (Neonate)): MNR BABY2 Baby 2,Misc,N/A
3f2654ec-5ab7-4184-bd96-6b3d139bccfe,MNR BG Client Blood Group,true,8c47b319-f713-438e-9980-14a08d7c64c6,Mother and Neonate Health Register field (Client): MNR BG Client Blood Group,Misc,Coded
cd518baf-3c51-4126-8e58-c092bc0eb030,MNR BG Client Blood Group :: A+,true,9b941d96-a92f-43ba-8fc0-e40b82522416,Mother and Neonate Health Register field (Client): MNR BG Client Blood Group :: A+,Misc,N/A
881cf4ff-feeb-44a6-8f56-42f7353ae4db,MNR BG Client Blood Group :: A-,true,b1eed482-4816-4f73-b47d-f33edfd2af81,Mother and Neonate Health Register field (Client): MNR BG Client Blood Group :: A-,Misc,N/A
31302957-e060-4579-9568-9cb30847bdc0,MNR BG Client Blood Group :: AB+,true,e49f6fdc-bac6-457c-aeae-b1b7e6816b5d,Mother and Neonate Health Register field (Client): MNR BG Client Blood Group :: AB+,Misc,N/A
c5d64ab9-bc34-4616-b0cf-f2874e2ff06d,MNR BG Client Blood Group :: AB-,true,661f547f-d3bd-4916-9e85-8cdcf1a6c2a9,Mother and Neonate Health Register field (Client): MNR BG Client Blood Group :: AB-,Misc,N/A
c2961f70-ae2a-4ae4-a49b-87e2af1fd129,MNR BG Client Blood Group :: B+,true,07f56eb1-7569-4fdd-ab16-419e37f145ae,Mother and Neonate Health Register field (Client): MNR BG Client Blood Group :: B+,Misc,N/A
3107bb21-5319-47e6-92c2-c43dc59716e5,MNR BG Client Blood Group :: B-,true,43242921-4ae4-4885-bc01-4b6fcaa4c6e0,Mother and Neonate Health Register field (Client): MNR BG Client Blood Group :: B-,Misc,N/A
fa4860b4-c4b8-4113-9b17-5f83832a7d78,MNR BG Client Blood Group :: O+,true,d8b73e52-aa97-4a07-944e-f209e7ed511f,Mother and Neonate Health Register field (Client): MNR BG Client Blood Group :: O+,Misc,N/A
57619f03-4561-4f77-b9b6-52e45b5d31f6,MNR BG Client Blood Group :: O-,true,8170a63c-6159-4aa9-b0b2-b0f901d886ee,Mother and Neonate Health Register field (Client): MNR BG Client Blood Group :: O-,Misc,N/A
08bdea2b-34c1-5849-9152-85d17ebc7c78,MNR CLNO Client Number,true,b12294b8-2db9-4675-ba4a-755e14a8f926,Client Identifiers field on the mnr register form: MNR CLNO Client Number,Misc,Text
ed2ed35e-7fdf-40d1-a311-dece416a3982,MNR D1 Normal Duration (0-12hrs),true,36d95efb-62c2-4db3-a3d2-6fefeeac0cfe,Mother and Neonate Health Register field (Labour / Delivery): MNR D1 Normal Duration (0-12hrs),Misc,Coded
072c5034-c3d1-462d-879f-87cd6183a2a5,MNR D10 Delivery Conducted By,true,488f5c57-fc03-4782-b245-3322620ad396,Mother and Neonate Health Register field (Labour / Delivery): MNR D10 Delivery Conducted By,Misc,Coded
3ee3b0f2-6ae0-434c-b1b5-850c98c4687a,MNR D10 Delivery Conducted By :: BSN,true,2759218d-b499-4eee-8856-0b84d7b8fa54,Mother and Neonate Health Register field (Labour / Delivery): MNR D10 Delivery Conducted By :: BSN,Misc,N/A
1a8330f2-9861-4605-a388-36e60e0f287a,MNR D10 Delivery Conducted By :: CHA,true,52ef922b-4441-4814-aa2a-7da63c9b7332,Mother and Neonate Health Register field (Labour / Delivery): MNR D10 Delivery Conducted By :: CHA,Misc,N/A
c7b89cef-1d61-4da3-8c4a-341fcd83954d,MNR D10 Delivery Conducted By :: CHO,true,c484c382-41d1-4ded-b0e0-e34ab0ed0b31,Mother and Neonate Health Register field (Labour / Delivery): MNR D10 Delivery Conducted By :: CHO,Misc,N/A
5f84b390-b55b-46c5-be99-7d5ca2f2e62e,MNR D10 Delivery Conducted By :: Doctor,true,4effb4dd-7aaa-4194-90fa-ca5719c53f8b,Mother and Neonate Health Register field (Labour / Delivery): MNR D10 Delivery Conducted By :: Doctor,Misc,N/A
047d3402-b508-47bc-9fff-afae5ae2f871,MNR D10 Delivery Conducted By :: MCHA,true,068151be-eb22-4f81-be19-29f5fd7c5098,Mother and Neonate Health Register field (Labour / Delivery): MNR D10 Delivery Conducted By :: MCHA,Misc,N/A
1735b723-0992-4c9c-ad9f-e92ff66a4121,MNR D10 Delivery Conducted By :: Midwife,true,1cf3d12f-2edc-477b-bddb-3f673b902b1a,Mother and Neonate Health Register field (Labour / Delivery): MNR D10 Delivery Conducted By :: Midwife,Misc,N/A
2212a3d9-7da0-445a-8f1e-8e82731dee93,MNR D10 Delivery Conducted By :: NS,true,43bf0a6e-08de-4152-8d3e-8f9ccf3465d9,Mother and Neonate Health Register field (Labour / Delivery): MNR D10 Delivery Conducted By :: NS,Misc,N/A
d94c10d7-11a4-41f0-88c7-6e6a4deac22c,MNR D10 Delivery Conducted By :: Other,true,bc960ee0-6a9c-4241-80e9-d0a66b099440,Mother and Neonate Health Register field (Labour / Delivery): MNR D10 Delivery Conducted By :: Other,Misc,N/A
0c89d1ca-b2a5-4592-9c28-76a1da5c4b56,MNR D10 Delivery Conducted By :: SACHO,true,b1dbd211-73ed-4ab4-93a0-43a0622dfa72,Mother and Neonate Health Register field (Labour / Delivery): MNR D10 Delivery Conducted By :: SACHO,Misc,N/A
b156c204-3a52-4506-bd4c-3514a3cfca0c,MNR D10 Delivery Conducted By :: SECHN,true,988fb7d9-5094-4c22-87c1-729ac5e7716d,Mother and Neonate Health Register field (Labour / Delivery): MNR D10 Delivery Conducted By :: SECHN,Misc,N/A
718a2f41-c101-42f4-8cb1-c1ca50661ecd,MNR D10 Delivery Conducted By :: SRN,true,782af4ed-5fc3-470e-97d2-698c829396b2,Mother and Neonate Health Register field (Labour / Delivery): MNR D10 Delivery Conducted By :: SRN,Misc,N/A
71da2a2e-0949-47ea-9a38-c1c301f3f75e,MNR D10 Delivery Conducted By :: TBA,true,cebef257-b679-4591-bcf9-a114bbc62a3b,Mother and Neonate Health Register field (Labour / Delivery): MNR D10 Delivery Conducted By :: TBA,Misc,N/A
111eaba2-befb-414c-9677-37cacb4849a2,MNR D11 Delivered at,true,7686ec78-0b40-4103-b118-bbe3c5e92ddd,Mother and Neonate Health Register field (Labour / Delivery): MNR D11 Delivered at,Misc,Coded
ebf2bbc3-2a49-44c6-82f2-b1c08db4fe46,MNR D11 Delivered at :: Community,true,55153382-adfa-41f7-b39a-803730d67c31,Mother and Neonate Health Register field (Labour / Delivery): MNR D11 Delivered at :: Community,Misc,N/A
d2d48b17-218d-4129-aca7-28a1fd67f062,MNR D11 Delivered at :: Hospital,true,545552cf-3628-4725-8728-2b362aab807d,Mother and Neonate Health Register field (Labour / Delivery): MNR D11 Delivered at :: Hospital,Misc,N/A
ea08accd-c662-455c-a67d-f8c30451c427,MNR D11 Delivered at :: PHU,true,be56a891-e9b3-46a4-9bbf-9b0ffa8fee0c,Mother and Neonate Health Register field (Labour / Delivery): MNR D11 Delivered at :: PHU,Misc,N/A
3790250e-600e-49fc-8e04-985964760c45,MNR D12 Mother Survived Delivery,true,f4eb65a7-0bcb-4d32-8385-8dd6ece9f378,Mother and Neonate Health Register field (Labour / Delivery): MNR D12 Mother Survived Delivery,Misc,Coded
282f31e0-fcde-4bb0-a3b1-4c7e2db0f69c,MNR D13 Live Birth,true,16b4af20-4e3e-432e-aec8-edd21dccb0cd,Mother and Neonate Health Register field (Baby (Neonate)): MNR D13 Live Birth,Misc,Coded
227aa221-a09d-4cbd-aa22-c69facd66e24,MNR D14 (If NO to D13) Macerated still birth,true,2333175d-dbdb-48d5-b35b-5b973ee8ced3,Mother and Neonate Health Register field (Baby (Neonate)): MNR D14 (If NO to D13) Macerated still birth,Misc,Coded
5a6b0614-c6dc-4914-814c-0021ddabb4d6,MNR D15 (If NO to D13) Fresh still birth,true,341b78d2-e610-41e5-888f-2a7e55f89ff6,Mother and Neonate Health Register field (Baby (Neonate)): MNR D15 (If NO to D13) Fresh still birth,Misc,Coded
89173d56-6ebd-4e04-aa09-508ca42b7900,MNR D16 State of baby - normal?,true,71b266af-77fd-44ab-a4ad-7f8cdddd8ea0,Mother and Neonate Health Register field (Baby (Neonate)): MNR D16 State of baby - normal?,Misc,Coded
be8f6f1c-bfa5-4be8-955b-9b7386c95dbb,MNR D17 Gestational age 36wks or less,true,8bc905b7-74f3-488f-9e3c-04d93a0fab32,Mother and Neonate Health Register field (Baby (Neonate)): MNR D17 Gestational age 36wks or less,Misc,Coded
d83833f1-9690-472e-b8b8-ed97f2ecdc36,MNR D18 Multiple birth,true,b3eace80-d567-4362-97a6-6ce1c531e895,Mother and Neonate Health Register field (Baby (Neonate)): MNR D18 Multiple birth,Misc,Coded
97edb17c-ac0e-4975-8de1-32b812bd1518,MNR D19 Sex of Baby,true,bac4c588-ddda-4f1a-bfaa-b8a39608d167,Mother and Neonate Health Register field (Baby (Neonate)): MNR D19 Sex of Baby,Misc,Coded
c572c359-72d5-4d71-9c50-deeb926995f2,MNR D19 Sex of Baby :: Female,true,b5999fcc-e44f-4e6a-99c4-978e6cc0b250,Mother and Neonate Health Register field (Baby (Neonate)): MNR D19 Sex of Baby :: Female,Misc,N/A
6ae68c4b-6f57-4fd6-896c-43788d36afab,MNR D19 Sex of Baby :: Male,true,76e4013d-fc0b-40aa-b832-0db8460dc9ba,Mother and Neonate Health Register field (Baby (Neonate)): MNR D19 Sex of Baby :: Male,Misc,N/A
2bc474b7-5e88-4916-a9f8-58f74b1cc929,MNR D2 Cephalic Presentation,true,208853a0-8b42-4eed-b0c8-f29ac45db67d,Mother and Neonate Health Register field (Labour / Delivery): MNR D2 Cephalic Presentation,Misc,Coded
9139a9b0-0df9-4bac-b5fd-46f94f02d192,MNR D20 Apgar score at 5 min after birth,true,0f4d8efa-1d49-4f70-ab37-fd13012019e4,Mother and Neonate Health Register field (Baby (Neonate)): MNR D20 Apgar score at 5 min after birth,Misc,Numeric
7f0b0617-4a3a-4327-9d08-e3d36969bec4,MNR D21 Birth weight under 2.5kg,true,1e2ddf6d-94b7-4739-8a6c-fd1beab312bf,Mother and Neonate Health Register field (Baby (Neonate)): MNR D21 Birth weight under 2.5kg,Misc,Coded
c822c9be-1141-4308-b506-e8591e5d5839,MNR D22 Actual weight (kg),true,c5c644a8-1626-4beb-b530-adf258e40b47,Mother and Neonate Health Register field (Baby (Neonate)): MNR D22 Actual weight (kg),Misc,Numeric
5c053854-2edc-4ff0-ad1b-37d55eecabf5,MNR D23 Delayed crying,true,fe34af34-53d5-44a2-90b3-357a456828ae,Mother and Neonate Health Register field (Baby (Neonate)): MNR D23 Delayed crying,Misc,Coded
d10aedbe-e71a-470c-a71d-852ce66c6d4b,MNR D24 Difficult Breathing,true,42dfd3e1-4243-4686-8e6e-7ddba19b72dc,Mother and Neonate Health Register field (Baby (Neonate)): MNR D24 Difficult Breathing,Misc,Coded
b88004e6-2fca-4e5e-a3eb-a8de07f09067,MNR D25 If YES at D23/D24 new born resuscitated?,true,f48c2717-160f-4c5e-9671-f261460633cb,Mother and Neonate Health Register field (Baby (Neonate)): MNR D25 If YES at D23/D24 new born resuscitated?,Misc,Coded
58dd4f57-79f7-4203-ab6a-b1d2b4e06881,MNR D26 Live born breastfed within 1 hrs.,true,0936c816-e6f5-4945-bad0-a28b5c3a8887,Mother and Neonate Health Register field (Baby (Neonate)): MNR D26 Live born breastfed within 1 hrs.,Misc,Coded
7ac6bfef-2bc4-48e0-9363-ec1a88f110ea,MNR D27 Baby alive after 24 hrs?,true,98279fb1-2974-44af-85dc-8270bfc4912b,Mother and Neonate Health Register field (Baby (Neonate)): MNR D27 Baby alive after 24 hrs?,Misc,Coded
2084ba98-a655-4b52-ba00-a551b08f6701,MNR D28 Baby referred to Doctor,true,f22005c3-d0d5-4d4c-b671-46cb5b694427,Mother and Neonate Health Register field (Baby (Neonate)): MNR D28 Baby referred to Doctor,Misc,Coded
33b3a7c0-154b-4910-8f52-423ee3dcc511,MNR D29 Neverapine syrup administered to baby - if HIV exposed,true,073bc460-899e-4cb8-8ea6-07b235587b01,Mother and Neonate Health Register field (Baby (Neonate)): MNR D29 Neverapine syrup administered to baby - if HIV exposed,Misc,Coded
66fd563a-3dd9-48c3-be9c-3469698f8394,MNR D3 Date of Labour onset,true,05627e97-ac24-4a35-bfbe-8071f9a5b276,Mother and Neonate Health Register field (Labour / Delivery): MNR D3 Date of Labour onset,Misc,Date
939d5e35-010b-474e-98e7-3b152764e755,MNR D30 Partograph/Labour Care Guide was used,true,aab67be1-b308-40d2-823a-e8d88da1c8da,Mother and Neonate Health Register field (Baby (Neonate)): MNR D30 Partograph/Labour Care Guide was used,Misc,Coded
5588a290-d195-41d5-bca3-88703f1f65c2,MNR D31 Initiation to Kangaroo Mother Care,true,9dd0088d-9ae3-4048-9fc6-149473371485,Mother and Neonate Health Register field (Baby (Neonate)): MNR D31 Initiation to Kangaroo Mother Care,Misc,Coded
b1368840-6a2b-4ca3-a37b-28e5362a48c2,MNR D32 Immediate Skin to Skin Care,true,b66c25b4-d5fa-4eb2-a0f6-d435b69e493b,Mother and Neonate Health Register field (Baby (Neonate)): MNR D32 Immediate Skin to Skin Care,Misc,Coded
f1da3664-c759-480e-af85-46af6206f632,MNR D4 Time of Labour onset (HH:MM),true,515d2f54-586f-40c1-8afa-09ea808031d7,Mother and Neonate Health Register field (Labour / Delivery): MNR D4 Time of Labour onset (HH:MM),Misc,Text
a64d6176-6ee5-47ab-94f4-4d258b48e98d,MNR D5 Date of Delivery,true,2f97be85-f7ef-4b11-9a12-0a3a88c99519,Mother and Neonate Health Register field (Labour / Delivery): MNR D5 Date of Delivery,Misc,Date
20f7ce3c-9958-42e8-baec-fed2b9903ef3,MNR D6 Time of Delivery (HH:MM),true,1c0e4181-b431-48d5-b279-5e569b4b8500,Mother and Neonate Health Register field (Labour / Delivery): MNR D6 Time of Delivery (HH:MM),Misc,Text
7797c95a-c5a6-41a7-874b-04a646720b13,MNR D7 Delivery Type,true,cefb1b2e-1f8c-4cf1-9320-297bc5008aad,Mother and Neonate Health Register field (Labour / Delivery): MNR D7 Delivery Type,Misc,Coded
80289861-4662-435b-8c6e-1736d2401f2d,MNR D7 Delivery Type :: Assisted (vacuum),true,2b0a6020-2f35-4683-b86e-982cdeb00d28,Mother and Neonate Health Register field (Labour / Delivery): MNR D7 Delivery Type :: Assisted (vacuum),Misc,N/A
270d1d43-38be-451f-99b6-99139dc9f143,MNR D7 Delivery Type :: Elective CS,true,196387c7-a089-4c74-862f-76e81061ffbb,Mother and Neonate Health Register field (Labour / Delivery): MNR D7 Delivery Type :: Elective CS,Misc,N/A
a1f68116-aa29-447e-b1c1-b6d8bd34f552,MNR D7 Delivery Type :: Emergency CS,true,40762370-5540-4ee6-a033-b64b52d70d2d,Mother and Neonate Health Register field (Labour / Delivery): MNR D7 Delivery Type :: Emergency CS,Misc,N/A
b9e69c6a-f861-40ca-8e7e-85cc01ab27df,MNR D7 Delivery Type :: Normal,true,3f8f59b9-030a-4322-8dff-53ee9ebc6fe3,Mother and Neonate Health Register field (Labour / Delivery): MNR D7 Delivery Type :: Normal,Misc,N/A
ecf63316-7a25-4250-af62-5c0717633c0c,MNR D8 Bleeding (500mls or more),true,ccf845f5-573f-44bc-afa3-998b5b7a1d72,Mother and Neonate Health Register field (Labour / Delivery): MNR D8 Bleeding (500mls or more),Misc,Coded
9141744d-9711-498d-a3a3-4d380b4860ca,MNR D9 Breech Delivery,true,4cdbf03b-4cdb-4117-9e2e-7a1692c4bba6,Mother and Neonate Health Register field (Labour / Delivery): MNR D9 Breech Delivery,Misc,Coded
66f64352-eb74-5faa-b6a2-f1cd8402f459,MNR DR1 Reg. No,true,997b16fa-3979-473c-98cc-4e15ae7a54cf,Client and Labour Details field on the delivery register form: MNR DR1 Reg. No,Misc,Text
c045be2e-67b5-50b8-96f5-9f3543c4bc0b,MNR DR10 Gravidity,true,923fcd9a-00ff-4408-ae13-daf322debf5b,Client and Labour Details field on the delivery register form: MNR DR10 Gravidity,Misc,Numeric
1f0feab6-1a6b-5661-a1ae-826bf713aeac,MNR DR11 Parity,true,dfdd4b92-8b20-4349-aa48-76ad6e9597d3,Client and Labour Details field on the delivery register form: MNR DR11 Parity,Misc,Numeric
eaa49032-56d9-5132-b669-1523ee534140,MNR DR12 Gestational age,true,8469ec2f-f529-48c7-8b49-c26d5197cca4,Client and Labour Details field on the delivery register form: MNR DR12 Gestational age,Misc,Numeric
8f191ce8-b2cd-57e8-be48-cafaa5589451,MNR DR13 Safe Termination of Pregnancy - Method Used,true,eebc26c4-512c-45ec-a292-844fb7b96679,Safe Termination of Pregnancy field on the delivery register form: MNR DR13 Safe Termination of Pregnancy - Method Used,Misc,Coded
77ec0424-4a1c-5e33-87dc-dbc9f29738fa,MNR DR13 Safe Termination of Pregnancy - Method Used :: Combo (Miso + Mife),true,65bb0ced-07d1-4f6f-909b-e9aa77d67d45,Safe Termination of Pregnancy field on the delivery register form: MNR DR13 Safe Termination of Pregnancy - Method Used :: Combo (Miso + Mife),Misc,N/A
ddd0f8b6-7b61-5749-9d02-3b80971e0dba,MNR DR13 Safe Termination of Pregnancy - Method Used :: MVA,true,f706d397-427a-4f14-9e4b-c559665e986d,Safe Termination of Pregnancy field on the delivery register form: MNR DR13 Safe Termination of Pregnancy - Method Used :: MVA,Misc,N/A
473636b0-199c-52eb-bdfe-eabe67135479,MNR DR13 Safe Termination of Pregnancy - Method Used :: Miso,true,6f6c2524-8e8e-41a0-bec2-194e3de8d531,Safe Termination of Pregnancy field on the delivery register form: MNR DR13 Safe Termination of Pregnancy - Method Used :: Miso,Misc,N/A
f1ac8509-a287-5357-8a7b-1cc89b8dc632,MNR DR13 Safe Termination of Pregnancy - Method Used :: Surgical (D and E),true,dc8a1a61-03d5-4d7e-8864-f3df1c5f6161,Safe Termination of Pregnancy field on the delivery register form: MNR DR13 Safe Termination of Pregnancy - Method Used :: Surgical (D and E),Misc,N/A
464f6464-6a13-515e-ae63-06f2490016e8,MNR DR14 Post-Abortion Care (PAC) - PAC Type,true,44f195b9-c100-49c2-8f4f-566ae4e7414d,Post-Abortion Care (PAC) field on the delivery register form: MNR DR14 Post-Abortion Care (PAC) - PAC Type,Misc,Coded
0862acf6-6ede-53e1-8b50-70e85bb05bb1,MNR DR14 Post-Abortion Care (PAC) - PAC Type :: Combo (Miso + Mife),true,d3b1bb47-395c-486d-9911-bcffa6354c8d,Post-Abortion Care (PAC) field on the delivery register form: MNR DR14 Post-Abortion Care (PAC) - PAC Type :: Combo (Miso + Mife),Misc,N/A
bda37285-04ee-5821-9e17-f32dae7802a4,MNR DR14 Post-Abortion Care (PAC) - PAC Type :: MVA,true,8981f574-3cfb-40dc-981c-49ed5bd50257,Post-Abortion Care (PAC) field on the delivery register form: MNR DR14 Post-Abortion Care (PAC) - PAC Type :: MVA,Misc,N/A
fd73d3e9-7ed6-5b8c-8542-04171b2b7553,MNR DR14 Post-Abortion Care (PAC) - PAC Type :: Miso,true,cc792cbe-3041-4129-b9d8-274ba22c98b8,Post-Abortion Care (PAC) field on the delivery register form: MNR DR14 Post-Abortion Care (PAC) - PAC Type :: Miso,Misc,N/A
9b792ebb-265a-51ae-9a16-2d58ee881733,MNR DR14 Post-Abortion Care (PAC) - PAC Type :: Surgical (D and E),true,4a1de456-184c-4c60-9374-baed7ddacd9f,Post-Abortion Care (PAC) field on the delivery register form: MNR DR14 Post-Abortion Care (PAC) - PAC Type :: Surgical (D and E),Misc,N/A
1b1ffc68-aff2-5d86-a711-c900a8d73324,MNR DR15 Time of start of labour,true,5f4c6bf4-be98-490b-aa54-ceae1d094f09,Client and Labour Details field on the delivery register form: MNR DR15 Time of start of labour,Misc,Text
89e1f055-9213-5568-a53d-77ec63bbdec5,MNR DR16 Presentation and position,true,95bfb664-0220-40a0-810c-8877cb4325e6,Client and Labour Details field on the delivery register form: MNR DR16 Presentation and position,Misc,Text
178e2781-d8ff-57ed-93dc-88fa7110b883,MNR DR17 Delivery - Date,true,e7e1d28c-c0d9-42ce-bc8b-487931f63e18,Delivery field on the delivery register form: MNR DR17 Delivery - Date,Misc,Date
dd1379cc-2f4d-5f4f-9965-5220031d992c,MNR DR18 Delivery - Time,true,14f663e2-fdb1-4407-a51e-45dc1de2eeb7,Delivery field on the delivery register form: MNR DR18 Delivery - Time,Misc,Text
837c58f0-0fbe-5e7b-93e8-59804e2a75b2,MNR DR19 Delivery type,true,1b89d071-b91a-4fb9-b823-415c2ce85c07,Delivery field on the delivery register form: MNR DR19 Delivery type,Misc,Coded
44db9b33-9856-5fc5-ab0a-cada6ea7c78f,MNR DR19 Delivery type :: Assisted (vacuum),true,471c2ec0-8681-4aec-9c29-7476d805d0ba,Delivery field on the delivery register form: MNR DR19 Delivery type :: Assisted (vacuum),Misc,N/A
84ec3ac6-8ca7-5d1a-920f-cc523a39f1e6,MNR DR19 Delivery type :: CS (Elective),true,4f0ced0b-4c6a-415d-8e1a-a5b0a01c6841,Delivery field on the delivery register form: MNR DR19 Delivery type :: CS (Elective),Misc,N/A
c734e3ac-8601-5464-a374-4900e64a5b61,MNR DR19 Delivery type :: CS (Emergency),true,aa2d07ea-6e96-4067-88ae-08e65f7a3acf,Delivery field on the delivery register form: MNR DR19 Delivery type :: CS (Emergency),Misc,N/A
94a71506-bc1f-5555-a98a-27b21b81269b,MNR DR19 Delivery type :: Normal,true,a431fe2b-817b-44e8-ae5e-8dc33de24f74,Delivery field on the delivery register form: MNR DR19 Delivery type :: Normal,Misc,N/A
5ef259dc-da3f-5e79-9fd2-909d70325587,MNR DR2 NIN,true,c711eaa2-1139-4ab7-93c8-9a69977bea47,Client and Labour Details field on the delivery register form: MNR DR2 NIN,Misc,Text
5ae317e0-8dde-5ea0-803d-c832dc6870e1,MNR DR20 Delivery outcome,true,f80e2076-f934-4510-b798-72aba4c45ee9,Delivery field on the delivery register form: MNR DR20 Delivery outcome,Misc,Coded
bdf711da-bdb1-54c5-84d3-847c71019c7e,MNR DR20 Delivery outcome :: Alive,true,2b0fc384-7fd4-4616-b6a0-20496f544024,Delivery field on the delivery register form: MNR DR20 Delivery outcome :: Alive,Misc,N/A
00113786-e48b-552f-bac3-7ab4c3014bae,MNR DR20 Delivery outcome :: FSB,true,e10dea8a-d66e-4117-acc2-ac79462a7879,Delivery field on the delivery register form: MNR DR20 Delivery outcome :: FSB,Misc,N/A
5aed7a9b-8b33-5937-80cb-8cf60a812d12,MNR DR20 Delivery outcome :: MSB,true,07dc2cdc-cf9a-4b6b-98da-1aa00a75c944,Delivery field on the delivery register form: MNR DR20 Delivery outcome :: MSB,Misc,N/A
cae712ac-8aea-5b4d-883c-5fb1ef8f6953,MNR DR21 Partograph / Labour Care Guide used?,true,b259c418-a6d7-4027-bf3a-da03ec5a26e0,Delivery field on the delivery register form: MNR DR21 Partograph / Labour Care Guide used?,Misc,Coded
94ece683-dcd8-5bc4-a6d6-0b6f19acce6c,MNR DR22 Uterotonic given immediately after birth? (Oxytocin / Misoprostol),true,91cb7b78-9f87-4883-b6ef-c983107ee208,Client and Labour Details field on the delivery register form: MNR DR22 Uterotonic given immediately after birth? (Oxytocin / Misoprostol),Misc,Coded
51fcf14b-13a1-584a-850c-3f1f6dbfa624,MNR DR23 Heat-stable Carbetocin (HSC),true,41b70651-0f4a-4dda-8abb-d210d063c729,Client and Labour Details field on the delivery register form: MNR DR23 Heat-stable Carbetocin (HSC),Misc,Coded
f5fe649e-8fae-5456-8eab-90176d0aa287,MNR DR24 Tranexamic Acid (TXA),true,eeea9513-226f-4b0e-9d82-d082d51e814a,Client and Labour Details field on the delivery register form: MNR DR24 Tranexamic Acid (TXA),Misc,Coded
22a13e2b-2bf7-5f8c-8259-458df4082755,MNR DR25 New born condition - Alive,true,46ded393-e67c-4cbe-b871-acbf5f41eb43,New born condition field on the delivery register form: MNR DR25 New born condition - Alive,Misc,Coded
b3212f97-1efd-578b-bdec-30e99572ca49,MNR DR26 New born condition - Sex,true,922f9258-4a2f-4a35-9c5c-e8037313f0be,Client and Labour Details field on the delivery register form: MNR DR26 New born condition - Sex,Misc,Coded
8e4dda9b-381f-55eb-96f3-d76f72c4ec5d,MNR DR26 New born condition - Sex :: F,true,6a172afe-f0fe-4df6-818f-d7d4354f576e,Client and Labour Details field on the delivery register form: MNR DR26 New born condition - Sex :: F,Misc,N/A
336d290a-a71e-5a6c-b617-a924ba28d274,MNR DR26 New born condition - Sex :: M,true,6eabcfa7-9d58-45e6-aaf4-6dcafd365059,Client and Labour Details field on the delivery register form: MNR DR26 New born condition - Sex :: M,Misc,N/A
aafe365b-36dd-5c19-bab8-0b7f83b1b2f2,MNR DR27 New born condition - Weight (kg),true,faebcf14-396c-472d-bcdc-704393a4e114,New born condition field on the delivery register form: MNR DR27 New born condition - Weight (kg),Misc,Numeric
02df411c-f02c-52dc-8cd9-e6d5dc0bf712,MNR DR28 New born condition - APGAR Score,true,c6f9ebe1-a102-49d6-80a8-e9d1ff126da8,New born condition field on the delivery register form: MNR DR28 New born condition - APGAR Score,Misc,Numeric
f878d0bc-8791-552a-ab45-4ea20359ad51,MNR DR29 New born condition - Breast feeding initiated within one hour after birth,true,1ed84c36-ba85-4281-ae48-0032faa310bd,New born condition field on the delivery register form: MNR DR29 New born condition - Breast feeding initiated within one hour after birth,Misc,Coded
66ecc65c-ec8c-59c8-8e9c-d86899036450,MNR DR3 Marital Status,true,b0a5ce05-c23e-4898-aff9-1f9dff3f7628,Client and Labour Details field on the delivery register form: MNR DR3 Marital Status,Misc,Coded
14ae9f53-845f-559b-939e-87437ebf736d,MNR DR3 Marital Status :: D,true,de647a5c-034c-4b2e-a686-cdd56f40d51f,Client and Labour Details field on the delivery register form: MNR DR3 Marital Status :: D,Misc,N/A
f27ec353-25b0-5215-9904-c30df3235782,MNR DR3 Marital Status :: M,true,a9f4305b-3efc-4bcc-aed0-73feeb21d96b,Client and Labour Details field on the delivery register form: MNR DR3 Marital Status :: M,Misc,N/A
d5fc2a52-24dc-53fa-aefe-ff82aee92758,MNR DR3 Marital Status :: S,true,7bce9dc5-2fa4-4f18-9376-827760c27565,Client and Labour Details field on the delivery register form: MNR DR3 Marital Status :: S,Misc,N/A
2ab6e6b9-0451-563d-9c48-6290fe801bf6,MNR DR3 Marital Status :: W,true,41470517-5fa4-40d9-abe6-d167242e4fc0,Client and Labour Details field on the delivery register form: MNR DR3 Marital Status :: W,Misc,N/A
bf193e56-7fc4-5a9a-ad73-10d2f72680c6,MNR DR30 New born condition - Brachial Plexus Injuries,true,7f768496-1d5a-49b0-9555-2c70e1d04d22,New born condition field on the delivery register form: MNR DR30 New born condition - Brachial Plexus Injuries,Misc,Coded
4bf48f97-94b4-5a3b-b33a-cce53e797821,MNR DR31 New born condition - Fracture clavicle,true,b95f2e83-5e80-4828-909a-f24dda22341a,New born condition field on the delivery register form: MNR DR31 New born condition - Fracture clavicle,Misc,Coded
315e9496-f79b-5673-b141-565b94415435,MNR DR32 New born condition - Hypoxic ischemic encephalopathy,true,a4193983-bb00-48c4-9413-fa96ad0c2689,New born condition field on the delivery register form: MNR DR32 New born condition - Hypoxic ischemic encephalopathy,Misc,Coded
c1ca893b-7915-5b42-8546-d288bed2407a,MNR DR33 New born condition - Other birth injuries,true,a11b463b-fb0d-4ceb-9cf1-bf674446fe12,New born condition field on the delivery register form: MNR DR33 New born condition - Other birth injuries,Misc,Coded
519e8962-614e-535c-9d2c-e61aa5dcecbd,MNR DR34 Maternal diagnosis - Initial diagnosis,true,aa4c0516-e06c-4724-b43c-b710c98be58f,Maternal diagnosis field on the delivery register form: MNR DR34 Maternal diagnosis - Initial diagnosis,Misc,Text
c10b5a3c-b92c-5330-9b1a-8b0c6429632a,MNR DR35 Maternal diagnosis - Final diagnosis,true,2ed1a4c6-ec57-4938-843b-f0b7008d7fc5,Maternal diagnosis field on the delivery register form: MNR DR35 Maternal diagnosis - Final diagnosis,Misc,Text
ba0e0404-c23a-5774-a14b-0b86bae8ec1c,MNR DR36 Oxygen given?,true,fb6a7b3d-196b-4e95-82a2-2d0023a9ba31,Oxygen Therapy field on the delivery register form: MNR DR36 Oxygen given?,Misc,Coded
5e96304c-328a-5c6b-ba18-1f80b2cf9ca2,MNR DR37 Post Abortion Family Planning - Counselled on family planning before discharge,true,b9d212cd-ac37-4fd8-8d27-7d6e553bd921,Post Abortion Family Planning field on the delivery register form: MNR DR37 Post Abortion Family Planning - Counselled on family planning before discharge,Misc,Coded
7b432f5a-05f1-5bcf-97b3-ea84a00b4d65,MNR DR38 Post Abortion Family Planning - Accepted and received family planning before discharge,true,bb2e7267-300e-4771-8c01-27d0ad21dd32,Post Abortion Family Planning field on the delivery register form: MNR DR38 Post Abortion Family Planning - Accepted and received family planning before discharge,Misc,Coded
f392cafe-9b7b-53ec-8cb0-9521651a1876,MNR DR39 Post Abortion Family Planning - Type of F/P Services received,true,c3f4f878-2e6a-49ef-bd27-6ba5a7b003ac,Post Abortion Family Planning field on the delivery register form: MNR DR39 Post Abortion Family Planning - Type of F/P Services received,Misc,Text
c0c8e50d-6739-5d72-bb0d-4c8bb8977ff7,MNR DR4 Occupation,true,c4a93b6e-90d9-49b7-8160-9f4dcb688228,Client and Labour Details field on the delivery register form: MNR DR4 Occupation,Misc,Text
33ecda17-a05b-5421-ab09-2bd40bd6d49e,MNR DR40 Post-Partum Family Planning - Counselled on family planning before discharge,true,51b75479-f4a3-42ee-a372-4c613b669af9,Post-Partum Family Planning field on the delivery register form: MNR DR40 Post-Partum Family Planning - Counselled on family planning before discharge,Misc,Coded
1ef3c723-cc34-532d-aa1e-3527bf5800db,MNR DR41 Post-Partum Family Planning - Accepted and received family planning before discharge,true,0b8afe02-1744-4d6b-adfc-e9ce20e8bec7,Post-Partum Family Planning field on the delivery register form: MNR DR41 Post-Partum Family Planning - Accepted and received family planning before discharge,Misc,Coded
9fec6952-c7a5-5e47-a3df-e155eb8ef12b,MNR DR42 Post-Partum Family Planning - Type of F/P Services received,true,2d3519ac-ba3f-476f-a071-1f161e3c9d30,Post-Partum Family Planning field on the delivery register form: MNR DR42 Post-Partum Family Planning - Type of F/P Services received,Misc,Text
8686a223-11b9-578c-bbeb-e0ade7122722,MNR DR43 Maternal outcome - Date,true,1d26dae8-b8fb-4be5-82d4-e4101ac5f0ee,Maternal outcome field on the delivery register form: MNR DR43 Maternal outcome - Date,Misc,Date
f9e5649b-4adb-552b-8215-b0d750620067,"MNR DR44 Maternal outcome - Discharged, Referral, or Death",true,0b2c6a80-2920-4859-959d-e6cffeb89580,"Maternal outcome field on the delivery register form: MNR DR44 Maternal outcome - Discharged, Referral, or Death",Misc,Text
cdc66f8f-b9ba-5729-9e9f-3323bdda2f10,MNR DR45 Delivery conducted by - HCW Name,true,17d24fcf-75a2-4873-b0d2-4cda890ddc6c,Delivery conducted by field on the delivery register form: MNR DR45 Delivery conducted by - HCW Name,Misc,Text
82190e7e-96f0-5ac2-8c16-f817bd7b2201,MNR DR46 Delivery conducted by - HCW Cadre,true,bc12079f-0b75-416d-b87f-c5106c110732,Delivery conducted by field on the delivery register form: MNR DR46 Delivery conducted by - HCW Cadre,Misc,Text
1d9a73d2-72eb-5ea6-a721-f2ff39f06ddc,MNR DR47 Place of delivery,true,72d530da-86a7-401c-9ce8-3c0703b0bfe2,Place of delivery field on the delivery register form: MNR DR47 Place of delivery,Misc,Coded
4b1937aa-4d2a-547f-bbf7-cef890cadee3,MNR DR47 Place of delivery :: In Community,true,cb0ff119-6f16-4898-9e07-949fd922e64a,Place of delivery field on the delivery register form: MNR DR47 Place of delivery :: In Community,Misc,N/A
af346c78-7014-511d-944d-04550216f933,MNR DR47 Place of delivery :: In Facility,true,a612f967-f7c0-4e6b-bffa-200945d71f24,Place of delivery field on the delivery register form: MNR DR47 Place of delivery :: In Facility,Misc,N/A
41ab6887-59a4-59a0-88b1-3d00f11d0423,MNR DR47 Place of delivery :: In Transit,true,ee358817-ad72-4e05-a517-e8f428496cf8,Place of delivery field on the delivery register form: MNR DR47 Place of delivery :: In Transit,Misc,N/A
1754e59f-677d-5edb-901b-5d86bb2bc9fc,MNR DR5 Disability,true,552052e3-56eb-4586-a99b-5b47beefac6e,Client and Labour Details field on the delivery register form: MNR DR5 Disability,Misc,Coded
5004e177-9b12-5636-b2fd-f9ebaf2be546,MNR DR5 Disability :: Hearing Impairment,true,45e3dd29-0a30-44cc-afcb-461e8c19ee05,Client and Labour Details field on the delivery register form: MNR DR5 Disability :: Hearing Impairment,Misc,N/A
74d1544c-52fa-593b-9620-d6d05c897e7a,MNR DR5 Disability :: Learning Impairment,true,5bdf1294-fdba-4a63-817d-26e0a53f39e9,Client and Labour Details field on the delivery register form: MNR DR5 Disability :: Learning Impairment,Misc,N/A
6068d21f-c907-5821-b29a-11402331012d,MNR DR5 Disability :: Multiple,true,2aaa6919-6361-4789-905f-def75610c1cf,Client and Labour Details field on the delivery register form: MNR DR5 Disability :: Multiple,Misc,N/A
895a7911-405d-568a-ac89-b9dc813a6a91,MNR DR5 Disability :: Physical,true,4df59ba1-beed-40b9-8555-13e7f13ca298,Client and Labour Details field on the delivery register form: MNR DR5 Disability :: Physical,Misc,N/A
5aad7dce-a738-5ceb-a4b3-26bd15a32a1b,MNR DR5 Disability :: Visual Impairment,true,5d0260a9-1404-4301-9647-1dd43e8d53a7,Client and Labour Details field on the delivery register form: MNR DR5 Disability :: Visual Impairment,Misc,N/A
badf34e3-d2ce-57a9-b2ae-65d2902eccc5,MNR DR6 Admission - Date,true,16b49085-dbdb-48a1-8687-1dedc4f38a2f,Admission field on the delivery register form: MNR DR6 Admission - Date,Misc,Date
775a57b4-d287-5ee5-94f4-ea85906b1068,MNR DR7 Admission - Time,true,16d1e882-a3a9-47ab-b8a0-f778bb73a280,Admission field on the delivery register form: MNR DR7 Admission - Time,Misc,Text
9b9a05be-401c-5d63-9366-6497eeddde0a,MNR DR8 Referred - From,true,f489e99d-cc4b-447a-ba41-91b9e869315a,Referred field on the delivery register form: MNR DR8 Referred - From,Misc,Text
e8ab49bc-eb9a-5c2a-83d2-33c794b4a899,MNR DR9 Referred - To,true,aa4f64aa-f22c-4b01-8785-70b9704c5df5,Referred field on the delivery register form: MNR DR9 Referred - To,Misc,Text
8f3b8399-ad41-431f-9216-aebf393d6256,MNR EDD EDD,true,7beaeb8c-a474-474f-a75e-0a002b3031d2,Mother and Neonate Health Register field (Present Pregnancy (ANC)): MNR EDD EDD,Misc,Date
ecaaf1b8-c638-51f0-b3d4-4ae64366fac6,MNR FP1 Reg. No,true,18bf1983-cd2a-4e82-8831-03a254bd7854,Client and Visit field on the family_planning register form: MNR FP1 Reg. No,Misc,Text
cf0d42e2-07ea-57b5-b1d5-05396d490107,MNR FP10 Height,true,01bc6c94-5016-4504-b3fc-efdfe2678827,Client and Visit field on the family_planning register form: MNR FP10 Height,Misc,Numeric
bdffc800-a973-5dd5-90b6-2c18a4405034,MNR FP11 COMBINED ORAL CONTRACEPTIVE,true,9c3a8254-c12a-4b80-b081-881be89c60e9,COMBINED ORAL CONTRACEPTIVE field on the family_planning register form: MNR FP11 COMBINED ORAL CONTRACEPTIVE,Misc,Coded
654777ff-663f-52dd-bc26-b7726085b9c0,MNR FP11 COMBINED ORAL CONTRACEPTIVE :: Microgynon,true,1aff1acd-ca96-49fa-9b09-87d1819cc4d1,COMBINED ORAL CONTRACEPTIVE field on the family_planning register form: MNR FP11 COMBINED ORAL CONTRACEPTIVE :: Microgynon,Misc,N/A
b8cca8a7-5e07-53b9-9071-b5db07905741,MNR FP11 COMBINED ORAL CONTRACEPTIVE :: Other oral specify,true,3aefb1e5-0871-4c21-b905-602b5e97f747,COMBINED ORAL CONTRACEPTIVE field on the family_planning register form: MNR FP11 COMBINED ORAL CONTRACEPTIVE :: Other oral specify,Misc,N/A
3c5cf291-c87e-5b78-abc2-2fc32910aec4,MNR FP12 PROGESTIN ONLY ORALS,true,a252faf4-87b4-4042-a399-573599c50fc2,PROGESTIN ONLY ORALS field on the family_planning register form: MNR FP12 PROGESTIN ONLY ORALS,Misc,Coded
1633d5f8-0d45-5242-a8b5-86bc8a47de85,MNR FP12 PROGESTIN ONLY ORALS :: Microlut,true,b8b4ab3a-9fb1-4cfb-9e15-a76be76a6b5b,PROGESTIN ONLY ORALS field on the family_planning register form: MNR FP12 PROGESTIN ONLY ORALS :: Microlut,Misc,N/A
84cbd283-e72f-5686-bb42-cb1f303c041d,MNR FP12 PROGESTIN ONLY ORALS :: Other specify,true,8acb8122-26db-4918-9590-5f839981f1e7,PROGESTIN ONLY ORALS field on the family_planning register form: MNR FP12 PROGESTIN ONLY ORALS :: Other specify,Misc,N/A
eaa923c5-d620-524b-ac86-9da4066f71c0,MNR FP13 INJECTABLES,true,ba94c409-bc0d-4185-8397-c9fdaf50cb61,INJECTABLES field on the family_planning register form: MNR FP13 INJECTABLES,Misc,Coded
e0051fb4-dc95-53d3-acd1-fb542119db3c,MNR FP13 INJECTABLES :: Depo provera,true,0b611c9c-b390-4b54-b4a9-43a116ed0274,INJECTABLES field on the family_planning register form: MNR FP13 INJECTABLES :: Depo provera,Misc,N/A
18197df0-2429-5515-b4bf-8d77356fcc82,MNR FP13 INJECTABLES :: Other injectible specify,true,c3f2c4d1-db11-444f-ae25-23cbceee35f9,INJECTABLES field on the family_planning register form: MNR FP13 INJECTABLES :: Other injectible specify,Misc,N/A
9ebff945-fb80-5f36-9b6e-f5464ca294e7,MNR FP13 INJECTABLES :: Sayana press,true,29efeb57-90ba-4e99-9b54-b45e19e3f3e7,INJECTABLES field on the family_planning register form: MNR FP13 INJECTABLES :: Sayana press,Misc,N/A
24890a21-4445-51f5-836d-a69249703020,MNR FP14 IUCD,true,b543f1e1-5e5a-43e2-b4fb-f95eaeeb32d5,IUCD field on the family_planning register form: MNR FP14 IUCD,Misc,Coded
0f385788-f0fb-506e-8204-630c6dcbb27d,MNR FP14 IUCD :: Copper - t,true,11e70611-cfcd-46c3-8dfb-d9a9936f49d0,IUCD field on the family_planning register form: MNR FP14 IUCD :: Copper - t,Misc,N/A
73178da5-63d8-56f8-8c67-102a2a9dbb23,MNR FP14 IUCD :: Hormonal,true,6eee64b9-9609-4fc0-b949-86e286cfe9fb,IUCD field on the family_planning register form: MNR FP14 IUCD :: Hormonal,Misc,N/A
df8c692f-6b29-53c8-9ff2-28b5056f6ae4,MNR FP15 IMPLANTS,true,2457d317-35fc-434b-8944-b977747b689a,IMPLANTS field on the family_planning register form: MNR FP15 IMPLANTS,Misc,Coded
d3ff839f-a465-5907-915e-2cb9f2d626c1,MNR FP15 IMPLANTS :: 3 yr implant (ie. levoplant),true,9a5be450-4f1d-4a57-a8b2-359d92fa508f,IMPLANTS field on the family_planning register form: MNR FP15 IMPLANTS :: 3 yr implant (ie. levoplant),Misc,N/A
6d1bc015-052a-5fd9-8ff6-933750cb752e,MNR FP15 IMPLANTS :: 5 yr implant (ie. jadelle),true,c1d430d9-5015-4a14-a25e-132134f3238a,IMPLANTS field on the family_planning register form: MNR FP15 IMPLANTS :: 5 yr implant (ie. jadelle),Misc,N/A
1ee976dd-2b39-5a81-a845-c56d53062ed9,MNR FP15 IMPLANTS :: Other implant specify,true,190d4aeb-f4a4-46be-a8c2-a4b484a94ae8,IMPLANTS field on the family_planning register form: MNR FP15 IMPLANTS :: Other implant specify,Misc,N/A
e6fa9529-a94d-556c-b7da-fa705d0ef1b4,MNR FP16 CONDOM,true,b36cd68a-0776-4f84-b09c-2b43f1c11493,CONDOM field on the family_planning register form: MNR FP16 CONDOM,Misc,Coded
90c5e7f7-26bb-5691-95dd-e3914e6af111,MNR FP16 CONDOM :: Female,true,77c929fc-0f8c-4917-af0f-e428cc43c567,CONDOM field on the family_planning register form: MNR FP16 CONDOM :: Female,Misc,N/A
24aefa2c-53e1-5729-9c6d-9384677620f3,MNR FP16 CONDOM :: Male,true,1efa52b5-5e8f-4ad6-b696-ccf5fbb8bbb8,CONDOM field on the family_planning register form: MNR FP16 CONDOM :: Male,Misc,N/A
fe5a2053-81e8-5256-ae20-82903571c037,MNR FP17 Emergency contraceptive,true,0683b5c6-4420-4a10-853a-8749f999a1d0,Emergency contraceptive field on the family_planning register form: MNR FP17 Emergency contraceptive,Misc,Coded
eb7c8167-d1d6-5468-9894-3f7fffbd84d9,MNR FP18 PERMANENT METHOD,true,3ffcaa04-2d7d-488e-8473-c00251639cf6,PERMANENT METHOD field on the family_planning register form: MNR FP18 PERMANENT METHOD,Misc,Coded
5513f436-1ccc-5a57-9738-2984e2d37235,MNR FP18 PERMANENT METHOD :: Tubal ligation,true,a7c8b496-e1c7-417f-9eb4-05acd6237702,PERMANENT METHOD field on the family_planning register form: MNR FP18 PERMANENT METHOD :: Tubal ligation,Misc,N/A
8eaa28ef-d088-5105-a5f5-13f13abaca97,MNR FP18 PERMANENT METHOD :: Vasectomy,true,d8562426-af23-4130-ad04-c6dd19f8ca72,PERMANENT METHOD field on the family_planning register form: MNR FP18 PERMANENT METHOD :: Vasectomy,Misc,N/A
034f8714-00dd-5ed2-9352-42819f25b187,MNR FP19 Lactation Amenorhea Method (LAM),true,156cff8f-1d1d-4a31-ba5e-0db91540b6df,Client and Visit field on the family_planning register form: MNR FP19 Lactation Amenorhea Method (LAM),Misc,Coded
a40c96d9-fbcb-52c0-b7cd-1333045f38ac,MNR FP2 Date (yyyy-mm-dd),true,1550842b-02de-479f-b22f-bd770068ac8c,Client and Visit field on the family_planning register form: MNR FP2 Date (yyyy-mm-dd),Misc,Date
651bb829-0b45-5b71-a22d-e1f40363662b,MNR FP20 Method Switch,true,8603617e-9c4d-4a5b-9404-60562cdce55e,Client and Visit field on the family_planning register form: MNR FP20 Method Switch,Misc,Coded
7c20cbd9-416b-5372-b2cc-1c9c6d73f27b,MNR FP21 Other FP method specify,true,6e62c0c8-3e00-4c74-8018-df3387db69e3,Client and Visit field on the family_planning register form: MNR FP21 Other FP method specify,Misc,Text
a18d5d96-be14-5dbe-bdc2-863e054adec5,MNR FP22 Date of next Appointment (yyyy-mm-dd),true,d5bbfd8e-2970-4a80-b150-f6fe41779350,Client and Visit field on the family_planning register form: MNR FP22 Date of next Appointment (yyyy-mm-dd),Misc,Date
0e27c861-3616-5b33-97ba-67bbea02a6f1,MNR FP23 Referred in from CHW/Facility,true,d322953b-66b5-47c9-bcb7-494994168bde,Client and Visit field on the family_planning register form: MNR FP23 Referred in from CHW/Facility,Misc,Coded
71f4334d-f473-5cb3-992e-294e5c7ef8ee,MNR FP24 Referred out to other facility,true,6d05f5ae-eb64-49a9-8893-d839db427634,Client and Visit field on the family_planning register form: MNR FP24 Referred out to other facility,Misc,Coded
dbcc3882-4fcf-5b19-b805-435f530ced5a,MNR FP3 Marital Status (S/M/D/W),true,23525d31-5c60-4a13-9433-159198dbdeae,Client and Visit field on the family_planning register form: MNR FP3 Marital Status (S/M/D/W),Misc,Coded
92b3b28a-dfb2-541d-9c76-11cac6b509be,MNR FP4 Occupation,true,3abf7137-39da-494e-87d0-9220f38e9405,Client and Visit field on the family_planning register form: MNR FP4 Occupation,Misc,Text
0e0b5518-fac6-53e2-b4b7-43aa6f157c54,MNR FP5 Disability,true,746a7eac-095e-4c09-9fd6-93628d9d9971,Client and Visit field on the family_planning register form: MNR FP5 Disability,Misc,Coded
7448535d-5a89-5099-8e67-304bcd916dba,MNR FP5 Disability :: Hearing Impairment,true,9cbe9dba-9a79-4804-8919-d1708d03b5a6,Client and Visit field on the family_planning register form: MNR FP5 Disability :: Hearing Impairment,Misc,N/A
16f899d8-7432-5530-853f-a6cf79667af3,MNR FP5 Disability :: Learning Impairment,true,95adf533-c2df-4045-a33f-007716dbd02b,Client and Visit field on the family_planning register form: MNR FP5 Disability :: Learning Impairment,Misc,N/A
2dc5687a-d854-5c2f-ad25-41739a804d88,MNR FP5 Disability :: Multiple,true,57f59103-9c0b-4eb8-9bbd-4df765ed1d59,Client and Visit field on the family_planning register form: MNR FP5 Disability :: Multiple,Misc,N/A
c334888c-286b-5ce9-bf0f-f20bb515c096,MNR FP5 Disability :: Physical,true,f64c1781-3805-4b44-a33a-8d7ca6c1aa13,Client and Visit field on the family_planning register form: MNR FP5 Disability :: Physical,Misc,N/A
1b1ac6fb-4387-59f4-8b2b-1d693116a3fc,MNR FP5 Disability :: Speech and Language Impairment,true,e8630fda-eedb-43f9-9898-c238e6227dc0,Client and Visit field on the family_planning register form: MNR FP5 Disability :: Speech and Language Impairment,Misc,N/A
8fb6e043-bb99-5093-be16-6e68c49fd334,MNR FP5 Disability :: Visual Impairment,true,a02548a3-f656-4e42-8e61-174f7d2b28f9,Client and Visit field on the family_planning register form: MNR FP5 Disability :: Visual Impairment,Misc,N/A
b4f7d59b-1290-5e64-a10e-45ab2f35d49f,MNR FP6 Client Type,true,336e30cd-be69-4c9e-af4d-cc140b18d15f,Client and Visit field on the family_planning register form: MNR FP6 Client Type,Misc,Coded
7992c998-8d53-5e3e-9913-c6906376cead,MNR FP6 Client Type :: Continuing Client,true,ff002773-acfc-441f-b5ae-56d934744440,Client and Visit field on the family_planning register form: MNR FP6 Client Type :: Continuing Client,Misc,N/A
a06273f7-d2bc-5863-ae87-464d6f88805c,MNR FP6 Client Type :: Method Switch,true,f051f8ea-a091-40e0-b8a2-7b8325253e58,Client and Visit field on the family_planning register form: MNR FP6 Client Type :: Method Switch,Misc,N/A
c3b8f849-6edf-52ec-a61a-44566eda8f70,MNR FP6 Client Type :: New Client (First time user),true,2758ffc5-0221-4dda-9447-9c172e093e12,Client and Visit field on the family_planning register form: MNR FP6 Client Type :: New Client (First time user),Misc,N/A
550c86b8-4f36-5a39-affc-21b2db5fd76d,MNR FP6 Client Type :: Post Abortion,true,1a4419ec-9c06-46a2-929f-1b966ddd51eb,Client and Visit field on the family_planning register form: MNR FP6 Client Type :: Post Abortion,Misc,N/A
5d9afd87-01a5-587c-b17a-2f3015d8a69a,MNR FP7 Client Type - Post Partum Family Planning,true,0fe42942-f5a9-4e39-a2a2-7e9c47ecd4d7,Client Type field on the family_planning register form: MNR FP7 Client Type - Post Partum Family Planning,Misc,Coded
8c1e7d3c-8cf0-534e-ae48-410ae1402333,MNR FP7 Client Type - Post Partum Family Planning :: 49 hours-6 weeks,true,c2a2c408-6aa9-4b16-a5c1-cd0b596696bf,Client Type field on the family_planning register form: MNR FP7 Client Type - Post Partum Family Planning :: 49 hours-6 weeks,Misc,N/A
b47d4156-7f20-5714-a82a-9abfcd8adc31,MNR FP7 Client Type - Post Partum Family Planning :: 7 weeks-1 year,true,452da7de-f2ab-4dcb-90a4-139694b91826,Client Type field on the family_planning register form: MNR FP7 Client Type - Post Partum Family Planning :: 7 weeks-1 year,Misc,N/A
bcd30aa6-2b56-5fc7-b063-df54bb7c9757,MNR FP7 Client Type - Post Partum Family Planning :: below48 hours after delivery,true,96159033-1ddb-4fe2-ba1c-6e7b6c9e2751,Client Type field on the family_planning register form: MNR FP7 Client Type - Post Partum Family Planning :: below48 hours after delivery,Misc,N/A
9311563b-2a94-5547-89b0-e0f3828fb70a,MNR FP8 Blood Pressure,true,f7daf1c3-e7e6-4b07-a5be-943cdc61b37b,Client and Visit field on the family_planning register form: MNR FP8 Blood Pressure,Misc,Text
728d6143-6aa1-5eea-b435-4d2f9a089085,MNR FP9 Weight (kg),true,04745216-450c-4565-88f9-2a1b0af997b2,Client and Visit field on the family_planning register form: MNR FP9 Weight (kg),Misc,Numeric
68c11629-a34b-4ff9-bb05-2e359109fda5,MNR H1 Sickler,true,df82659c-690d-41fb-b655-6f671c19ce26,Mother and Neonate Health Register field (Past Pregnancy History): MNR H1 Sickler,Misc,Coded
4510300a-6644-4aed-80fa-077a797f891e,MNR H10 Still Birth,true,5299d6f3-2844-45d3-ba9d-2cc4234886b2,Mother and Neonate Health Register field (Past Pregnancy History): MNR H10 Still Birth,Misc,Coded
90ab47e7-a570-40e1-906d-e49a2147b66a,MNR H11 Miscarriages,true,d3b83bdb-8cf7-410e-87a6-10f650539b20,Mother and Neonate Health Register field (Past Pregnancy History): MNR H11 Miscarriages,Misc,Coded
c504c809-6e40-4ce2-bcd0-23b27c53fd10,MNR H12 Induced Abortion,true,91036b38-4ca2-44a8-aead-3aa1a1c2e586,Mother and Neonate Health Register field (Past Pregnancy History): MNR H12 Induced Abortion,Misc,Coded
2fd78dfd-5ae1-44be-86df-7e1d5cb93580,MNR H13 Previous C/S,true,75859803-d78a-46c5-9bf4-8017b0b5e808,Mother and Neonate Health Register field (Past Pregnancy History): MNR H13 Previous C/S,Misc,Coded
504c9234-558b-41a1-a20d-b9bd2d70696d,MNR H14 Prolong/Obstructed Labour,true,202d14fb-6731-4940-aaac-d2f69a82e3b9,Mother and Neonate Health Register field (Past Pregnancy History): MNR H14 Prolong/Obstructed Labour,Misc,Coded
ce019002-10cd-45fb-a045-abd153de6a8f,MNR H15 APH,true,8b70135f-599a-4deb-af9b-168fe17018e3,Mother and Neonate Health Register field (Past Pregnancy History): MNR H15 APH,Misc,Coded
6df60dd6-865c-4ec7-b2a3-813ca03e4ee3,MNR H16 PPH,true,35f73888-3741-4f11-b5d3-d6e2c56bc6a5,Mother and Neonate Health Register field (Past Pregnancy History): MNR H16 PPH,Misc,Coded
4696d4e3-a4f9-4517-90ca-de07d6e4bc86,MNR H17 Retained Placenta,true,b9ae91b5-2600-4f30-8be3-45050b124ac2,Mother and Neonate Health Register field (Past Pregnancy History): MNR H17 Retained Placenta,Misc,Coded
5c2a35f0-1d08-44ee-bc95-2e127a14afcf,MNR H18 Eclamptic FIT,true,4961b72b-bd24-4b8b-90a8-2bbd30974cce,Mother and Neonate Health Register field (Past Pregnancy History): MNR H18 Eclamptic FIT,Misc,Coded
f7c99350-8512-4ebf-8336-b852fb4d8b2c,MNR H19 Death of Child within 7 days,true,1b27c851-9187-4c3c-b989-46db7a581759,Mother and Neonate Health Register field (Past Pregnancy History): MNR H19 Death of Child within 7 days,Misc,Coded
8d5ad555-1c16-4290-b26d-4560dd1dc896,MNR H2 Age 18-35 yrs,true,b90bb59e-23b1-46e9-9345-84571bf3300a,Mother and Neonate Health Register field (Past Pregnancy History): MNR H2 Age 18-35 yrs,Misc,Coded
59c62813-5a48-49eb-8690-adf569e202d1,MNR H20 Cough above 4 weeks,true,fb433a22-d309-48e3-a6f1-52956b28ef70,Mother and Neonate Health Register field (Past Pregnancy History): MNR H20 Cough above 4 weeks,Misc,Coded
5dbfad75-e468-4ef9-b64d-78cd8aff6ea4,MNR H21 High Puerperial Fever,true,f9a97631-7973-4119-827b-e17ba67fbeb0,Mother and Neonate Health Register field (Past Pregnancy History): MNR H21 High Puerperial Fever,Misc,Coded
265461e6-9e9e-4262-9cbc-7bb3d5ed82fa,MNR H22 Breech Delivery,true,a50ca259-7fc9-4d13-a418-72896529c7ad,Mother and Neonate Health Register field (Past Pregnancy History): MNR H22 Breech Delivery,Misc,Coded
f2849d17-5974-42cf-a683-256034b85521,MNR H23 Ectopic Pregnancy,true,0ba1be65-2526-4f66-9a18-a0e1ef16dde5,Mother and Neonate Health Register field (Past Pregnancy History): MNR H23 Ectopic Pregnancy,Misc,Coded
cd61bd84-cc89-4d7a-94c7-c60ff6ec4919,MNR H24 Diabetes,true,4eafe95b-660f-43b9-85b0-dc915dbce9c8,Mother and Neonate Health Register field (Past Pregnancy History): MNR H24 Diabetes,Misc,Coded
a64cc892-f574-493d-8ae1-84e4f1217b04,MNR H3 Height below150 cm or 5 ft,true,a1441499-f6ec-4b71-ad7a-6f300c90d282,Mother and Neonate Health Register field (Past Pregnancy History): MNR H3 Height below150 cm or 5 ft,Misc,Coded
88069ec6-323b-4e44-9dc3-6ce7f56a5691,MNR H4 Gravida,true,7bca0b45-afea-492f-b511-1f863ac198eb,Mother and Neonate Health Register field (Past Pregnancy History): MNR H4 Gravida,Misc,Numeric
24cdd184-fe23-4071-92e2-4861b57d4c9d,MNR H5 Parity,true,774bc2cf-82b0-48b4-9e3c-7e8f2d9e4107,Mother and Neonate Health Register field (Past Pregnancy History): MNR H5 Parity,Misc,Numeric
99b218b8-3d97-4585-81c5-68b971e884f7,MNR H6 Number of children Alive,true,b7e7c52f-86ac-4d20-bea1-cef7552f2c4a,Mother and Neonate Health Register field (Past Pregnancy History): MNR H6 Number of children Alive,Misc,Numeric
b609b368-31bd-462b-89bc-ea563cc148b1,MNR H7 EVD Survivor,true,d69390d6-b91f-47b7-b117-b18644fec581,Mother and Neonate Health Register field (Past Pregnancy History): MNR H7 EVD Survivor,Misc,Coded
63b6c308-12b4-461e-9e20-2bd9ca9b24a9,MNR H8 (unlabelled in source register),true,3e4adf8f-c049-49e8-8169-af1c60112d05,Mother and Neonate Health Register field (Past Pregnancy History): MNR H8 (unlabelled in source register),Misc,Numeric
86a765ad-2ed8-46d9-8fe8-0f9ed95aa397,MNR H9 Multiple Delivery,true,da2a6330-3b53-486b-b528-b99be28be687,Mother and Neonate Health Register field (Past Pregnancy History): MNR H9 Multiple Delivery,Misc,Coded
476f7f13-fe7d-4ebb-9941-46925a686db3,MNR INFAC In Facility,true,c03991b9-e198-415d-b5b0-5eba7d3768f1,Mother and Neonate Health Register field (Facility): MNR INFAC In Facility,Misc,Coded
49d7392c-157a-41d8-a605-8a8b863bc66f,MNR LMP LMP,true,bae00068-0fdf-41ce-814e-edb2777a91fa,Mother and Neonate Health Register field (Present Pregnancy (ANC)): MNR LMP LMP,Misc,Date
fc3f63e6-d277-5c65-b35c-6feb06ad9d15,MNR M1 Is Mother alive 24 hrs after delivery,true,30f79ca1-3caf-40c6-afff-d220e145a02e,Mother and Neonate Health Register field (Mother): MNR M1 Is Mother alive 24 hrs after delivery,Misc,Coded
fd18f3ae-8148-5327-9d2d-791f65cf3c50,MNR M10 General condition of mother,true,5588f891-e1e4-4a02-a3d5-c9d20dce6777,Mother - Check Within 24 hrs of Delivery field on the mnr register form: MNR M10 General condition of mother,Misc,Coded
6b0494b2-64cc-53eb-b2dc-de20e339b755,MNR M10 General condition of mother :: Fair,true,7c161242-cff7-4cbe-b95c-e95f1abdcc4a,Mother - Check Within 24 hrs of Delivery field on the mnr register form: MNR M10 General condition of mother :: Fair,Misc,N/A
b29ddebf-5f62-5d8d-a543-adc7ecdfd001,MNR M10 General condition of mother :: Good,true,57534c16-dd4a-4472-9754-0587e8160dbc,Mother - Check Within 24 hrs of Delivery field on the mnr register form: MNR M10 General condition of mother :: Good,Misc,N/A
1cda5315-6236-55d6-bccd-54283495b07b,MNR M10 General condition of mother :: Poor,true,5391b7a6-6b23-4dba-9142-46b6cf82f161,Mother - Check Within 24 hrs of Delivery field on the mnr register form: MNR M10 General condition of mother :: Poor,Misc,N/A
bc894a3f-7683-5fca-a2c3-a6cb8702f447,MNR M10 General condition of mother :: Very poor,true,0e99ac02-0b02-4076-99f8-5db4a8a09476,Mother - Check Within 24 hrs of Delivery field on the mnr register form: MNR M10 General condition of mother :: Very poor,Misc,N/A
d548491b-f905-5b14-a663-029dd12a1a32,MNR M11 Symptoms observed?,true,203a0b57-7aa5-4fe8-924b-b82a586b7c5c,Mother - Check Within 24 hrs of Delivery field on the mnr register form: MNR M11 Symptoms observed?,Misc,Coded
7e37f263-3878-562b-9647-24b3369cabe5,MNR M11 Symptoms observed? :: Anaemia,true,abfe7f36-aa82-492e-943b-3f9c461952b6,Mother - Check Within 24 hrs of Delivery field on the mnr register form: MNR M11 Symptoms observed? :: Anaemia,Misc,N/A
3c19dc1c-4408-5eaa-a338-f1ab1ef63cc0,MNR M11 Symptoms observed? :: Eclampsia,true,9d816880-d9c4-4e11-8a95-ea59b8325ade,Mother - Check Within 24 hrs of Delivery field on the mnr register form: MNR M11 Symptoms observed? :: Eclampsia,Misc,N/A
4552cc09-e7c6-5f0d-9c3d-6668b41265c0,MNR M11 Symptoms observed? :: Fever,true,91009ddb-4fcb-4cf4-9b0c-8c588b2e11a3,Mother - Check Within 24 hrs of Delivery field on the mnr register form: MNR M11 Symptoms observed? :: Fever,Misc,N/A
dc4ee624-ab7e-54bc-9891-c348508c23d4,MNR M11 Symptoms observed? :: None,true,b27a64a8-0f06-4d26-8523-51ee840a48db,Mother - Check Within 24 hrs of Delivery field on the mnr register form: MNR M11 Symptoms observed? :: None,Misc,N/A
0054db65-d963-536e-b813-cb11b1c2364f,MNR M11v1 Temp (C),true,528759b0-ba12-4283-bac6-719d859cc491,Mother - Check Within 24 hrs of Delivery field on the mnr register form: MNR M11v1 Temp (C),Misc,Numeric
a65490bb-25b2-545c-aff2-8e9a2349403d,MNR M12 Has lactation been established?,true,2f815285-b6bf-4587-8871-5f76622018ac,Mother - Check Within 24 hrs of Delivery field on the mnr register form: MNR M12 Has lactation been established?,Misc,Coded
8908fb02-1ec5-5349-be56-4c4d3a927eee,MNR M13 Does mother eat normally?,true,5f3563b5-46e0-410f-a69f-62549866d738,Mother - Check Within 24 hrs of Delivery field on the mnr register form: MNR M13 Does mother eat normally?,Misc,Coded
4568eb83-deea-5f4c-9ac9-13634f14377f,MNR M14 Number of Td doses taken so far,true,dbaaea78-3856-480a-9e9b-6c920dd1e218,Mother - Check Within 24 hrs of Delivery field on the mnr register form: MNR M14 Number of Td doses taken so far,Misc,Coded
4abd45e2-bf0f-5b0f-8469-516570bf536d,MNR M15 Has there been education about family planning?,true,68cbd440-7603-49f3-8a66-0bc513c4dce6,Mother - Check Within 24 hrs of Delivery field on the mnr register form: MNR M15 Has there been education about family planning?,Misc,Coded
9241edc2-8c2f-51cd-8b75-e9aba8311041,MNR M16 Acceptance with a Method,true,4415900a-4bbf-4008-b3c9-7a588f7cc877,Mother - Check Within 24 hrs of Delivery field on the mnr register form: MNR M16 Acceptance with a Method,Misc,Coded
93cd72e6-1f14-5c76-9e89-9ae61fa02956,MNR M17 Type of Contraceptive method Accepted (write method),true,23202f88-623f-4406-ab89-1c988bd020d1,Mother - Check Within 24 hrs of Delivery field on the mnr register form: MNR M17 Type of Contraceptive method Accepted (write method),Misc,Text
f77b0d36-054f-5550-b53b-321ab03d67e1,MNR M18 Is mother referred to Doctor?,true,73918f46-77bd-4caf-ac8b-e73f567314a3,Mother - Check Within 24 hrs of Delivery field on the mnr register form: MNR M18 Is mother referred to Doctor?,Misc,Coded
09baa876-dc53-54cf-87a2-36f0978f829b,MNR M19 Is mother referred to (Hosp./CHC/CHP),true,0ece63a8-3569-471f-b413-ddc64f6f675e,Mother - Check Within 24 hrs of Delivery field on the mnr register form: MNR M19 Is mother referred to (Hosp./CHC/CHP),Misc,Coded
1e89421b-c990-56da-b63e-516449fe4c82,MNR M19 Is mother referred to (Hosp./CHC/CHP) :: CHC,true,a403fea7-c4b5-4b15-a5b4-1d38d615fee1,Mother - Check Within 24 hrs of Delivery field on the mnr register form: MNR M19 Is mother referred to (Hosp./CHC/CHP) :: CHC,Misc,N/A
d66ec01a-9b0c-5ee4-9007-5d4259bf137f,MNR M19 Is mother referred to (Hosp./CHC/CHP) :: CHP,true,119e98ee-11fe-47a6-8f08-a48d9be090d8,Mother - Check Within 24 hrs of Delivery field on the mnr register form: MNR M19 Is mother referred to (Hosp./CHC/CHP) :: CHP,Misc,N/A
82711ff6-a0ef-55d7-9cfe-4bd94359d6e5,MNR M19 Is mother referred to (Hosp./CHC/CHP) :: Hosp,true,3b2818e6-43bf-40c0-b7d5-8dd14b1a9332,Mother - Check Within 24 hrs of Delivery field on the mnr register form: MNR M19 Is mother referred to (Hosp./CHC/CHP) :: Hosp,Misc,N/A
ec1a9dc7-08d7-5987-8b7c-bfb0a43bbdfe,MNR M2 State of the Perineum,true,b2040d2d-dea2-46b4-88b2-f9181cd9be30,Mother - Check Within 24 hrs of Delivery field on the mnr register form: MNR M2 State of the Perineum,Misc,Coded
907d523a-8fd0-5be7-a229-019f82bd16e6,MNR M2 State of the Perineum :: Episotomy,true,deccda4d-7cd7-4973-aa73-f44916d566c3,Mother - Check Within 24 hrs of Delivery field on the mnr register form: MNR M2 State of the Perineum :: Episotomy,Misc,N/A
43eb79aa-5928-59d8-8bb6-5d90f680c009,MNR M2 State of the Perineum :: Intact,true,eb61e22a-489e-481e-9a17-db4f6813749c,Mother - Check Within 24 hrs of Delivery field on the mnr register form: MNR M2 State of the Perineum :: Intact,Misc,N/A
62d4c2a5-be6f-53d4-8033-a888e2df774f,MNR M2 State of the Perineum :: Tear,true,cc875afc-6429-4801-9855-dd79391369a7,Mother - Check Within 24 hrs of Delivery field on the mnr register form: MNR M2 State of the Perineum :: Tear,Misc,N/A
91240a49-ca9d-54da-a968-6d5c3ec3fe21,"MNR M20 If yes, has the Incharge/doctor been informed?",true,c3b2b21d-a967-4a0a-a88b-85fc9ce39539,"Mother - Check Within 24 hrs of Delivery field on the mnr register form: MNR M20 If yes, has the Incharge/doctor been informed?",Misc,Coded
80f6be47-0e6c-5744-8334-a65bc4ff6559,MNR M20v1 Name Doctor/Incharge,true,10bc71a8-96ff-4c44-b3f6-86c4e3696e35,Mother - Check Within 24 hrs of Delivery field on the mnr register form: MNR M20v1 Name Doctor/Incharge,Misc,Text
4fcb432b-eef6-5e7b-85de-cdd851e9caf1,MNR M3 If Tear in M2,true,268e4500-42b2-499c-983e-450c26cd1f74,Mother - Check Within 24 hrs of Delivery field on the mnr register form: MNR M3 If Tear in M2,Misc,Coded
8bbcb4b0-07d3-5422-87c8-f6a03cda0392,MNR M3 If Tear in M2 :: 1 Deg,true,de45d266-6aed-45c7-8e90-13c7e3410146,Mother - Check Within 24 hrs of Delivery field on the mnr register form: MNR M3 If Tear in M2 :: 1 Deg,Misc,N/A
396a4f95-b972-5314-8e3e-289ef23e9108,MNR M3 If Tear in M2 :: 2 Deg,true,53cef723-d286-4866-8bd8-88c4c808c9ed,Mother - Check Within 24 hrs of Delivery field on the mnr register form: MNR M3 If Tear in M2 :: 2 Deg,Misc,N/A
6ecd3394-07cf-5da6-bbe1-cd96b39477f5,MNR M3 If Tear in M2 :: 3 Deg,true,3b9e35a1-2f98-4bb7-bd82-40243764a418,Mother - Check Within 24 hrs of Delivery field on the mnr register form: MNR M3 If Tear in M2 :: 3 Deg,Misc,N/A
b21ff75d-4f93-5e5c-a64d-bffdcbdc773f,MNR M3 If Tear in M2 :: 4 Deg,true,5b60c3a2-5720-4b84-a1cd-b9c2355e9f5b,Mother - Check Within 24 hrs of Delivery field on the mnr register form: MNR M3 If Tear in M2 :: 4 Deg,Misc,N/A
4e69b723-a26e-5c48-90d5-15b4f0143a8a,MNR M4 Placenta and Membrane complete,true,3df0e6ce-0df0-4b7e-b015-87ca8a37634a,Mother - Check Within 24 hrs of Delivery field on the mnr register form: MNR M4 Placenta and Membrane complete,Misc,Coded
87ccab02-4a3b-58eb-b7f8-fa5f07db4845,MNR M5 Has there been excessive IPH (15mls or more),true,77aa7a4c-375b-4884-98bd-0a409a437d6d,Mother - Check Within 24 hrs of Delivery field on the mnr register form: MNR M5 Has there been excessive IPH (15mls or more),Misc,Coded
29a2a91b-6911-5ee2-a8b4-0c477c895fa3,MNR M6 Was expulsion of placenta difficult?,true,4f2421a0-8ebe-4b25-b4ba-0102b7f30fb0,Mother - Check Within 24 hrs of Delivery field on the mnr register form: MNR M6 Was expulsion of placenta difficult?,Misc,Coded
e06a49b3-bbbb-5da2-9773-83acd38bb1de,MNR M7 Post-Partum Haemorrage?,true,df371291-178e-45e0-af1e-3804347631d6,Mother - Check Within 24 hrs of Delivery field on the mnr register form: MNR M7 Post-Partum Haemorrage?,Misc,Coded
90422167-e629-59a9-ab99-52bc25017ca5,MNR M8 Is lochia offensive?,true,83edaf61-348f-4438-8fa0-71b93be21e11,Mother - Check Within 24 hrs of Delivery field on the mnr register form: MNR M8 Is lochia offensive?,Misc,Coded
fa8f23aa-8d40-5267-b4f2-e82fe8185486,MNR M9 Is BP 130/90 and above?,true,f4ab4b96-1365-45f5-b3f1-0b346746ff6c,Mother - Check Within 24 hrs of Delivery field on the mnr register form: MNR M9 Is BP 130/90 and above?,Misc,Coded
9fc6cd2c-171a-56b6-8c48-523937a38e81,MNR M9v1 Actual BP,true,fefc6e05-d261-4da3-96e3-c01d9c1afc52,Mother - Check Within 24 hrs of Delivery field on the mnr register form: MNR M9v1 Actual BP,Misc,Text
0920715f-0ae1-5024-ba16-42946eaaaff9,MNR NIN NIN,true,8fa7d006-6d12-46f2-80ee-b3e55dab2fcd,Client Identifiers field on the mnr register form: MNR NIN NIN,Misc,Text
729bb7cf-2b32-50f0-9aa3-b57a3216a7ae,MNR NN1 Baby alive?,true,1633fa92-e189-47d6-8167-b8ac540552ff,BABY'S Postnatal Care field on the mnr register form: MNR NN1 Baby alive?,Misc,Coded
1efee301-bc29-5176-9391-f085f461ce1f,MNR NN10 Breastfeeding?,true,4d0b5c62-cbfe-461b-b91c-16ccc53ce49e,BABY'S Postnatal Care field on the mnr register form: MNR NN10 Breastfeeding?,Misc,Coded
3edc6621-7168-5880-9717-4511a2278050,"MNR NN11 If yes to NN10, is it exclusive?",true,8a1ffc73-b2fa-4851-b44d-cd4f3d5eac30,"BABY'S Postnatal Care field on the mnr register form: MNR NN11 If yes to NN10, is it exclusive?",Misc,Coded
d3a815b4-02e4-5752-8016-29927d5b20e8,MNR NN12 Sucking ability normal?,true,bd1dad5c-8830-45f9-afdf-438f4eabe84b,BABY'S Postnatal Care field on the mnr register form: MNR NN12 Sucking ability normal?,Misc,Coded
54426f11-90d4-5951-92ab-097b43083405,MNR NN13 Congenital defect?,true,0e4ad385-c8f8-488b-b33e-8827679ed894,BABY'S Postnatal Care field on the mnr register form: MNR NN13 Congenital defect?,Misc,Coded
945d4404-95d5-5a23-9925-61603263aba0,"MNR NN14 If yes to NN13, specify",true,c1ba1f9f-a322-4332-b1ac-467090cbaef1,"BABY'S Postnatal Care field on the mnr register form: MNR NN14 If yes to NN13, specify",Misc,Text
a532bfaa-6e14-57ac-871e-0e53375b3811,MNR NN15 Any perinatal illness?,true,0bf59690-55fd-4864-b19f-e914e476c313,BABY'S Postnatal Care field on the mnr register form: MNR NN15 Any perinatal illness?,Misc,Coded
976cee50-9dad-5df4-a2ec-ffcd3daeae9c,"MNR NN16 If yes to NN15, specify",true,dc7ba121-ed39-4f4d-9b6d-ebc2bf661e5e,"BABY'S Postnatal Care field on the mnr register form: MNR NN16 If yes to NN15, specify",Misc,Text
41149e18-22e9-578c-91d3-eda4be87c32e,MNR NN17 Neonatal Sepsis?,true,efb6d39d-1416-4df3-b475-113dc5d6fcda,BABY'S Postnatal Care field on the mnr register form: MNR NN17 Neonatal Sepsis?,Misc,Coded
ca83a2a8-ba2a-5fd5-87ff-f69e5b3c9625,MNR NN18 Diarrhoea?,true,f5884bfc-8ae4-4c4f-8457-9bed86b0b29e,BABY'S Postnatal Care field on the mnr register form: MNR NN18 Diarrhoea?,Misc,Coded
1d657355-0fe9-557a-ba28-8e5ce126d4d4,MNR NN19 Jaundice?,true,f15a7225-ac3f-4a27-a113-f82d7872e60c,BABY'S Postnatal Care field on the mnr register form: MNR NN19 Jaundice?,Misc,Coded
473d2102-b062-5b9b-bd2f-0a1f0f0b792d,MNR NN2 If NO - Date of death,true,eb867c41-f44b-4ea2-bd2e-bd8d824e0369,BABY'S Postnatal Care field on the mnr register form: MNR NN2 If NO - Date of death,Misc,Date
28356fb5-e609-56ed-baa3-a04fb62a62be,MNR NN20 Cord Healing Satisfactory?,true,2b0c7e35-e5db-48c8-817d-44905471db60,BABY'S Postnatal Care field on the mnr register form: MNR NN20 Cord Healing Satisfactory?,Misc,Coded
40ab85bf-281c-52b5-a68b-0c8f15c2a872,MNR NN21 Scalp Injuries?,true,2964b5cc-01f8-4a86-bd38-33884bbec9ff,BABY'S Postnatal Care field on the mnr register form: MNR NN21 Scalp Injuries?,Misc,Coded
faad85fe-76e2-5e85-b5ba-75b4af9021aa,MNR NN22 Bone Injuries?,true,4fcb607e-84bd-41cc-9117-3ebe8c800963,BABY'S Postnatal Care field on the mnr register form: MNR NN22 Bone Injuries?,Misc,Coded
ad06c1f2-fdc6-55d3-b558-927a3597090d,MNR NN23 Nerve Injuries?,true,87c8a178-2b4d-4288-b67d-c8e69fba280d,BABY'S Postnatal Care field on the mnr register form: MNR NN23 Nerve Injuries?,Misc,Coded
43461f2a-d7a4-5b1d-8c14-72f9c446a310,MNR NN24 Visual Injuries?,true,46738d40-9813-40a5-a8c6-64b5aef79808,BABY'S Postnatal Care field on the mnr register form: MNR NN24 Visual Injuries?,Misc,Coded
e45aaa3b-a3aa-5721-9ed9-a23a5f9e36e1,MNR NN25 Referred to Doctor?,true,925ab15d-409c-4389-b523-14d571688b10,BABY'S Postnatal Care field on the mnr register form: MNR NN25 Referred to Doctor?,Misc,Coded
af389fcb-9e31-5c68-966b-c305ccab12a7,"MNR NN26 If referred, date of referral",true,77655aef-9cdb-401e-b927-bb74e7a3eed5,"BABY'S Postnatal Care field on the mnr register form: MNR NN26 If referred, date of referral",Misc,Date
50eb733c-a416-5ee3-b177-8b9b5c09b6d6,MNR NN3 Cause of death,true,159d7186-c1ff-4fdc-a585-214edc0b376a,BABY'S Postnatal Care field on the mnr register form: MNR NN3 Cause of death,Misc,Text
6409cf3d-cf59-51dc-98cc-4f4b8b8190cc,MNR NN4 Death registered,true,fcd59aa3-84a3-4d68-816b-43013dc75ec0,BABY'S Postnatal Care field on the mnr register form: MNR NN4 Death registered,Misc,Coded
38bca9f7-97a5-56e4-aeec-743679acba9e,MNR NN5 New Born - Birth registered?,true,e3fe03fd-b896-4079-afc5-cc87087c8890,BABY'S Postnatal Care field on the mnr register form: MNR NN5 New Born - Birth registered?,Misc,Coded
d6ea4408-e91d-5871-9954-c56753279471,"MNR NN6 If yes to NN1, weight in Kg",true,b1c832f8-2f3f-4703-a7a6-33c80d4f3dd6,"BABY'S Postnatal Care field on the mnr register form: MNR NN6 If yes to NN1, weight in Kg",Misc,Numeric
b9503a83-abe5-56b9-bc4c-e7ad3642479d,MNR NN7 Fever present?,true,abd5ba04-4ab6-40f7-93d9-16518333867c,BABY'S Postnatal Care field on the mnr register form: MNR NN7 Fever present?,Misc,Coded
94571ebc-260a-54ff-89f9-ce5f4e1adadb,"MNR NN8 If yes to NN7, state temperature",true,8cefc087-50d2-4e8d-9852-0dcb11ecc36e,"BABY'S Postnatal Care field on the mnr register form: MNR NN8 If yes to NN7, state temperature",Misc,Numeric
058aa194-1b0d-5042-9c71-06a6ed16ef03,MNR NN9 Date of BCG,true,fa87aef5-ae7f-4e1d-81ec-aa4b9d65e3ba,BABY'S Postnatal Care field on the mnr register form: MNR NN9 Date of BCG,Misc,Date
55808e6f-7cb8-489f-ba61-a558ed025240,MNR OUTRCH Outreach,true,76fb4139-8fee-4c0e-9fa5-50df010a31c4,Mother and Neonate Health Register field (Facility): MNR OUTRCH Outreach,Misc,Coded
4033f90b-7458-5e83-b44e-a7f9d648e2ff,MNR PNCB1 Postnatal Baby Visit 1,true,77e5c876-2dde-4733-a1c5-8d09518106ad,BABY'S Postnatal Care field on the mnr register form: MNR PNCB1 Postnatal Baby Visit 1,Misc,N/A
2fc3708d-57ac-5bb5-853b-332f0d9e8d88,MNR PNCB2 Postnatal Baby Visit 2,true,e428065a-3047-4ff7-86b0-addc904d483e,BABY'S Postnatal Care field on the mnr register form: MNR PNCB2 Postnatal Baby Visit 2,Misc,N/A
161822ae-868e-5c90-8261-206f9dbf6919,MNR PNCB3 Postnatal Baby Visit 3,true,175caca0-a30f-481e-aaa1-52a94ea80212,BABY'S Postnatal Care field on the mnr register form: MNR PNCB3 Postnatal Baby Visit 3,Misc,N/A
abbbdff2-15d9-56b5-9b82-011fad8a251c,MNR PNCM1 Postnatal Mother Visit 1,true,4670b547-43cc-4db0-ae50-93caafde0073,MOTHER'S Postnatal Care field on the mnr register form: MNR PNCM1 Postnatal Mother Visit 1,Misc,N/A
0ee6a5e8-e1ee-5e60-9f91-931c8ca9ad8d,MNR PNCM2 Postnatal Mother Visit 2,true,29f33cdf-a53a-4914-9542-c95f3f6db6bc,MOTHER'S Postnatal Care field on the mnr register form: MNR PNCM2 Postnatal Mother Visit 2,Misc,N/A
08090ae0-54d9-57ee-ac00-4d108a47eb1b,MNR PNCM3 Postnatal Mother Visit 3,true,9fc6efc4-9e02-44f3-b60f-9fe057952f0f,MOTHER'S Postnatal Care field on the mnr register form: MNR PNCM3 Postnatal Mother Visit 3,Misc,N/A
0daebadb-c169-41e4-a999-35821986fb2b,MNR PP1 Gestational age (weeks),true,490615ab-d7e6-4153-a5ef-7d680af39448,Mother and Neonate Health Register field (Present Pregnancy (ANC)): MNR PP1 Gestational age (weeks),Misc,Numeric
92170d49-6986-4e1c-866c-2e8efdc21019,MNR PP10 Unusually large Abdomen,true,2a015bf7-488d-4c9f-a533-b319a41ba416,Mother and Neonate Health Register field (Present Pregnancy (ANC)): MNR PP10 Unusually large Abdomen,Misc,Coded
0908c88d-1140-4b75-af00-4cf44ae15ce8,MNR PP11 Severe Pallor / Anaemia,true,0e7a70e1-5ae0-4185-a1e4-3671336b6269,Mother and Neonate Health Register field (Present Pregnancy (ANC)): MNR PP11 Severe Pallor / Anaemia,Misc,Coded
97fef33f-bc4e-47fe-845c-988fa596f698,MNR PP12 Vaginal Bleeding,true,40752854-b0f9-4629-b959-d9068dddcec0,Mother and Neonate Health Register field (Present Pregnancy (ANC)): MNR PP12 Vaginal Bleeding,Misc,Coded
7665143e-d3e1-490a-98a6-a62f30fa1d19,MNR PP13 Transverse / Oblique Lie,true,b16b19ef-7426-4e29-b9d0-530844e2d7a7,Mother and Neonate Health Register field (Present Pregnancy (ANC)): MNR PP13 Transverse / Oblique Lie,Misc,Coded
308c2528-31c9-4541-bbca-8e82f6fa7410,MNR PP14 Mutiple Pregnancy,true,f3418c15-964b-4579-b932-950510db109b,Mother and Neonate Health Register field (Present Pregnancy (ANC)): MNR PP14 Mutiple Pregnancy,Misc,Coded
92d8ad38-7cac-4153-85b7-19d0d9108370,MNR PP15 Foetal Movements,true,cb887881-2b6d-4186-a813-414010dd0fdd,Mother and Neonate Health Register field (Present Pregnancy (ANC)): MNR PP15 Foetal Movements,Misc,Coded
822bf8dc-c8a6-44c2-b0bb-495e394c6968,MNR PP16 Foetal Heartbeats (Indicate Number),true,88e02754-fa78-4971-91b7-a848bce42529,Mother and Neonate Health Register field (Present Pregnancy (ANC)): MNR PP16 Foetal Heartbeats (Indicate Number),Misc,Numeric
30b3be54-2bc8-4c16-998f-fc577212ff8b,MNR PP17 Iron and Folic Acid,true,99c5c751-116a-4881-af1d-0f8e68e6868c,Mother and Neonate Health Register field (Present Pregnancy (ANC)): MNR PP17 Iron and Folic Acid,Misc,Coded
24da2669-90b2-465b-b38b-074b36636379,MNR PP18 Multiple Micronutrient Suplement (MMS),true,63ceceac-ec58-4afe-a4ce-ff9bee23dc80,Mother and Neonate Health Register field (Present Pregnancy (ANC)): MNR PP18 Multiple Micronutrient Suplement (MMS),Misc,Coded
6d7b5e50-9102-4e94-867a-74139065ad8a,MNR PP19 Intermittent preventive therapy (IPTp) malaria,true,a93603fc-cc17-4d1e-98bd-64f323de16b2,Mother and Neonate Health Register field (Present Pregnancy (ANC)): MNR PP19 Intermittent preventive therapy (IPTp) malaria,Misc,Coded
ddf2f116-9234-45be-b03e-6a261966c335,MNR PP2 Date of ANC Contact,true,f2f156c6-264b-490e-bf80-9cccba781e39,Mother and Neonate Health Register field (Present Pregnancy (ANC)): MNR PP2 Date of ANC Contact,Misc,Date
07415bdf-2b46-4532-9d8b-7cf81e828c26,MNR PP20 Screen with Ultrasound Scan,true,b155a83b-cef1-45de-8ea0-969bf4d3ada2,Mother and Neonate Health Register field (Present Pregnancy (ANC)): MNR PP20 Screen with Ultrasound Scan,Misc,Coded
139b6046-fd22-4207-9674-e8c49c6d2d92,MNR PP21 Weight (kg),true,860fbe2b-5818-4abc-a66d-8d88cee5ba14,Mother and Neonate Health Register field (Present Pregnancy (ANC)): MNR PP21 Weight (kg),Misc,Numeric
3ae52508-de8a-48f1-9c5d-0820775c3ab5,MNR PP22 Height (cm),true,d98c1369-38f2-4687-b059-58b4606d120f,Mother and Neonate Health Register field (Present Pregnancy (ANC)): MNR PP22 Height (cm),Misc,Numeric
ffc2370e-71d5-432f-8f0f-66dc5c021c9c,MNR PP23 Mother's Delivery Kit,true,39fdeb5e-9728-475f-b8de-a684813fa11b,Mother and Neonate Health Register field (Present Pregnancy (ANC)): MNR PP23 Mother's Delivery Kit,Misc,Coded
2f0b12dc-1144-4359-afbf-9e869a88e8bf,MNR PP24 LLINs given at ANC,true,7d29b947-03fb-427d-8b24-06e846f5dbb6,Mother and Neonate Health Register field (Present Pregnancy (ANC)): MNR PP24 LLINs given at ANC,Misc,Coded
74a3a27d-7b8e-43a7-b13d-c2b234bc0e0e,MNR PP25 Albendazole,true,29d5dd4a-1c74-4c5e-99e9-56c7b0e328bb,Mother and Neonate Health Register field (Present Pregnancy (ANC)): MNR PP25 Albendazole,Misc,Coded
52e12fd2-a61e-4e36-b8e7-4c167ec889fb,MNR PP26 Tested for Syphilis,true,eb880607-69af-4de1-8f33-bb3c4f90731b,Mother and Neonate Health Register field (Present Pregnancy (ANC)): MNR PP26 Tested for Syphilis,Misc,Coded
36aa9a58-e6ac-412e-b82d-456d20123f8f,MNR PP27 Tested for HIV,true,22005cae-4046-4c17-83c1-ae6ded688fa7,Mother and Neonate Health Register field (Present Pregnancy (ANC)): MNR PP27 Tested for HIV,Misc,Coded
12dc46a1-d42b-4258-8e91-28775af3adbf,MNR PP27DT HIV Test date,true,e84ff63d-ce6d-4a1b-aa70-4888490c9d46,Mother and Neonate Health Register field (Present Pregnancy (ANC)): MNR PP27DT HIV Test date,Misc,Date
dc2bada8-ee80-4fce-904c-fa89c03312a1,MNR PP28 HIV results Received,true,b12f4d50-e07d-4f66-8ae4-acebaf53ed16,Mother and Neonate Health Register field (Present Pregnancy (ANC)): MNR PP28 HIV results Received,Misc,Coded
5b6a016c-3636-48ae-81a4-73fcb02df669,MNR PP29 Refer for eMTCT,true,6d3f6c6e-26b4-4755-9a1e-acf12de37960,Mother and Neonate Health Register field (Present Pregnancy (ANC)): MNR PP29 Refer for eMTCT,Misc,Coded
fc69d1da-ef41-4aa0-87a9-6fee512bf451,MNR PP3 Stage of ANC Contact,true,5059386d-3e4f-4562-bcc5-83b1e9e05f8e,Mother and Neonate Health Register field (Present Pregnancy (ANC)): MNR PP3 Stage of ANC Contact,Misc,Coded
1af4506f-a28d-43f7-bb83-5d4cb72434c8,MNR PP3 Stage of ANC Contact :: 1,true,5b981065-a462-4133-9c6d-37dfc20a3892,Mother and Neonate Health Register field (Present Pregnancy (ANC)): MNR PP3 Stage of ANC Contact :: 1,Misc,N/A
22b14da1-7462-4202-b6fd-78cba5980870,MNR PP3 Stage of ANC Contact :: 2,true,6fd064f0-ea5b-482e-929f-ee63f0bce28f,Mother and Neonate Health Register field (Present Pregnancy (ANC)): MNR PP3 Stage of ANC Contact :: 2,Misc,N/A
5eec098d-a70a-4bfc-987d-934ee75cc7d9,MNR PP3 Stage of ANC Contact :: 3,true,122a95c9-e85c-4738-a8c1-8793297927e1,Mother and Neonate Health Register field (Present Pregnancy (ANC)): MNR PP3 Stage of ANC Contact :: 3,Misc,N/A
997ce159-4144-4b69-bdb5-34fc3ae8acfb,MNR PP3 Stage of ANC Contact :: 4,true,b13e6ba0-4772-4b84-a86c-d5ea027f6c06,Mother and Neonate Health Register field (Present Pregnancy (ANC)): MNR PP3 Stage of ANC Contact :: 4,Misc,N/A
556c073f-0276-4ad5-8b20-41b02eca5e8e,MNR PP3 Stage of ANC Contact :: 5,true,634942d8-615e-43db-a212-f1c84311a1be,Mother and Neonate Health Register field (Present Pregnancy (ANC)): MNR PP3 Stage of ANC Contact :: 5,Misc,N/A
200a0327-1257-48c7-bce1-d3ff371fc0d2,MNR PP3 Stage of ANC Contact :: 6,true,d308353b-725c-415d-a0ee-7b54bdbf315f,Mother and Neonate Health Register field (Present Pregnancy (ANC)): MNR PP3 Stage of ANC Contact :: 6,Misc,N/A
895252cd-4712-4246-8d66-eb0d1ac5fd66,MNR PP3 Stage of ANC Contact :: 7,true,26368d49-b8fe-4ffe-91c7-2f615cb999c3,Mother and Neonate Health Register field (Present Pregnancy (ANC)): MNR PP3 Stage of ANC Contact :: 7,Misc,N/A
bb51ff65-679b-45d5-b97f-fa10f011364f,MNR PP3 Stage of ANC Contact :: 8,true,2384def9-3e5f-4ac0-9755-b847ba8190d8,Mother and Neonate Health Register field (Present Pregnancy (ANC)): MNR PP3 Stage of ANC Contact :: 8,Misc,N/A
4e627bb2-cd9c-42df-b784-12674af1ec26,MNR PP30 ARV Treatment Started,true,f4334ae2-69f1-44a2-aa6f-95281b857d73,Mother and Neonate Health Register field (Present Pregnancy (ANC)): MNR PP30 ARV Treatment Started,Misc,Coded
f67cd561-046a-4fe2-8b80-dfe390d1fc16,MNR PP31 Haemoglobin (below12g/dl),true,8ae14ea8-a018-4437-9ef7-43b8b799b2b6,Mother and Neonate Health Register field (Present Pregnancy (ANC)): MNR PP31 Haemoglobin (below12g/dl),Misc,Coded
f1214add-67e1-4865-9550-4c9a70a00766,MNR PP32 Screen for Hepatitis B,true,1dbdea3e-05be-49ab-ab16-cb260acd2f3b,Mother and Neonate Health Register field (Present Pregnancy (ANC)): MNR PP32 Screen for Hepatitis B,Misc,Coded
bff5b379-5461-4a62-9122-493930d28c2d,MNR PP4 Screen with BP (if 130/90 and above refer),true,40bd011c-2baa-4c35-b786-75a3a8210356,Mother and Neonate Health Register field (Present Pregnancy (ANC)): MNR PP4 Screen with BP (if 130/90 and above refer),Misc,Coded
acdbdea9-bf57-446f-b62e-bcb88fd7e385,MNR PP5 Oedema,true,00b909b8-4688-48b3-8072-1dc8cbff3e36,Mother and Neonate Health Register field (Present Pregnancy (ANC)): MNR PP5 Oedema,Misc,Coded
1f8efccb-15b5-4a3e-a9cf-e5633756fa3f,MNR PP6 Pitting Oedema,true,0670f7e8-e8f9-43ae-8c5c-fb4c82e95895,Mother and Neonate Health Register field (Present Pregnancy (ANC)): MNR PP6 Pitting Oedema,Misc,Coded
889ee8f3-887e-47cd-8760-c0d60fc640c6,MNR PP7 Urine Albumin,true,f673d9e8-2260-445a-8aa5-2f8f322c47e7,Mother and Neonate Health Register field (Present Pregnancy (ANC)): MNR PP7 Urine Albumin,Misc,Coded
c863b07c-a7d2-4c1c-a871-804afb66cc4f,MNR PP8 Disability,true,cc0ffe2a-3578-4560-bf87-c81a0f4532c2,Mother and Neonate Health Register field (Present Pregnancy (ANC)): MNR PP8 Disability,Misc,Coded
943600c8-61b4-4e46-80cc-ab0f5e2c4dec,MNR PP9 Unusually thin Patient,true,c420ebe4-0df7-474a-93f3-2ad393d5ae96,Mother and Neonate Health Register field (Present Pregnancy (ANC)): MNR PP9 Unusually thin Patient,Misc,Coded
f04623d4-dc97-5620-bd39-6c538826829c,MNR PR1 Mother alive,true,205ba124-f5e5-4c23-9b67-cbc7ae1de3b6,MOTHER'S Postnatal Care field on the mnr register form: MNR PR1 Mother alive,Misc,Coded
5ba30d19-cf47-5a59-8032-0ba54c603e5d,MNR PR10 Albuminuria present?,true,2afd4051-55bd-448d-9db3-c58284226cba,MOTHER'S Postnatal Care field on the mnr register form: MNR PR10 Albuminuria present?,Misc,Coded
4381b784-585c-55cc-8ccf-f58391159eeb,MNR PR11 Involution of uterus normal?,true,90c34085-9d09-4a6a-804d-aba8c7376297,MOTHER'S Postnatal Care field on the mnr register form: MNR PR11 Involution of uterus normal?,Misc,Coded
75018c26-43f2-5af8-a07a-2932b478f143,MNR PR12 Fever present?,true,2898b8d5-6dfa-4556-8422-48a548362051,MOTHER'S Postnatal Care field on the mnr register form: MNR PR12 Fever present?,Misc,Coded
7bd56989-8d38-5f9b-801b-a7a789255e1d,MNR PR13 Anaemia?,true,aaa6c1b0-7adb-474b-bd38-c240cd0521b5,MOTHER'S Postnatal Care field on the mnr register form: MNR PR13 Anaemia?,Misc,Coded
4a996c80-5fc0-594e-99a8-e81066fce49b,MNR PR14 Persistent cough?,true,84da06ce-08e1-49dd-8b9f-dc6689d061e0,MOTHER'S Postnatal Care field on the mnr register form: MNR PR14 Persistent cough?,Misc,Coded
267d6ba9-d764-53a4-ae9d-485025bad403,MNR PR15 Refer to Doctor?,true,1c1c3365-bcc9-42f9-be14-234c431870f0,MOTHER'S Postnatal Care field on the mnr register form: MNR PR15 Refer to Doctor?,Misc,Coded
b35d3193-797f-52b8-8a58-899d757fb5d6,"MNR PR16 If yes, Date -",true,f4b0336f-afc1-49ac-b3b4-0119aaaa37ad,"MOTHER'S Postnatal Care field on the mnr register form: MNR PR16 If yes, Date -",Misc,Date
2e9dcc67-de84-5c4a-9ac2-cbf9a12007c9,MNR PR2 If NO - Date of death,true,75cc3f26-d213-4906-8c0a-80956034c658,MOTHER'S Postnatal Care field on the mnr register form: MNR PR2 If NO - Date of death,Misc,Date
d8e0284c-79d8-5815-9a78-08db9a03d4a6,MNR PR3 Cause of death,true,99694f2c-e3ff-4a4d-8f65-d5abe1c68feb,MOTHER'S Postnatal Care field on the mnr register form: MNR PR3 Cause of death,Misc,Text
6041a32b-5cf2-5018-a683-e434384d8f82,MNR PR4 Mother's BP (If above130/90 refer),true,db973dba-3899-443e-b735-54a1a70831f1,MOTHER'S Postnatal Care field on the mnr register form: MNR PR4 Mother's BP (If above130/90 refer),Misc,Numeric
dc61912f-e08c-5a00-9f13-7df34f5cde5e,"MNR PR5 If yes to PR1, weight",true,d7971c3a-5c5a-444f-b088-571b6892ee56,"MOTHER'S Postnatal Care field on the mnr register form: MNR PR5 If yes to PR1, weight",Misc,Numeric
cdb188a0-f071-5173-9ab8-1f44c55d5ebe,MNR PR6 Condition of breast good?,true,785d6ac6-ad37-4da5-89d4-0e58fcff62c3,MOTHER'S Postnatal Care field on the mnr register form: MNR PR6 Condition of breast good?,Misc,Coded
58def30b-0207-5c42-bacd-cec40eb993a5,MNR PR7 Vaginal Bleeding?,true,61961782-c21e-4d7f-80ee-2ab820af6cd1,MOTHER'S Postnatal Care field on the mnr register form: MNR PR7 Vaginal Bleeding?,Misc,Coded
5e7f4b2f-3d65-5839-a192-b02187d6e334,MNR PR8 Sepsis?,true,b615ae38-c723-429c-8742-2eeb80b45900,MOTHER'S Postnatal Care field on the mnr register form: MNR PR8 Sepsis?,Misc,Coded
83f81e31-8ddf-5a01-aee0-8634bf1b4e30,MNR PR9 Eclampsia?,true,d213c8b0-2c9a-4b1a-a447-55f49bb1443a,MOTHER'S Postnatal Care field on the mnr register form: MNR PR9 Eclampsia?,Misc,Coded
63ec2269-b0d3-5505-8e8a-cab12db96f7e,MNR RESP Name and Contact of Responsible Person,true,a682e1c1-61bb-4474-96ae-91658bb8659e,Client Identifiers field on the mnr register form: MNR RESP Name and Contact of Responsible Person,Misc,Text
